		aprAB(Marker_gene)	Apt/Sat(Marker_gene)	DsrAB(Marker_gene)	Sulfur_oxidation(Sox_system)	Sulfur_oxidation(Sor_system)	Sulfur_oxidation(FccB)	Sulfur_oxidation(DoxAD)	Sulfur_oxidation(DsrEFH)	DsrKMJOP(Marker_gene)	Sulfur_reduction(QmoABC)	Sulfur_oxidation(Puf_reaction_center)	Sulfur_assimilation(CysACDJNPQU)	Tetrathionate_reduction(asrABC)	Tetrathionate_reduction(ttrABC)	Thiosulfate_disproportionation(phsABC)	Thiosulfate_disproportionation(Rhodanase)	S¬∞_reduction(hydACD)	S¬∞_reduction(sreABC)	DMS_degradation(DdhABC)	DMS_degradation(DsoABCDEF)	DMS_degradation(DmoAB)	Sulfoacetaldehyde_degradation(isfD)	Sulfoacetaldehyde_degradation(Xsc)	Sulfoacetaldehyde_degradation(SafD)	Methanesulfonate_degradation	Sulfolactate_degradation	Taurine_degradation	coB/coM_regeneration	Methane_oxidation	Methanogenesis	Methanogenesis(methanol)	Methylamine_degradation	mcrABC(Marker_gene)	Fe(II)oxidation	Fe_reduction_absorption	Ammonia_assimilation_I	Ammonia_assimilation_II	L-glutamine_biosynthesis_I	Superpathway_Ammonia_assimilation	Ammonia_oxidation_I(aerobic)	Ammonia_oxidation_II(anaerobic)	Ammonia_oxidation_IV(Autotrophic_Ammonia_oxidizers)	Nitrifier_denitrification	Nitrate_reduction_I(denitrification)	Nitrate_reduction_III(denitrification)	Nitrate_reductionIV(dissimilatory)	Nitrate_reductionV(assimilatory)	Nitrate_reductionVI(assimilatory)	Nitrate_reductionVIII(dissimilatory)	Nitrate_reductionVIIIb(dissimilatory)	Nitrate_reductionIX(dissimilatory)	Nitrate_reductionX(dissimilatoryperiplasmic)	Nitrogen_fixationI(ferredoxin)	Nitrogen_fixation_II_(flavodoxin)	4-aminobutanoate_degradationI	4-aminobutanoate_degradationII	Ammonia_monoxygenase_AmoABC(Marker_gene)	nirBD
A1	GCA_000215105	75	0	60	50	33.3	33.3	0	25	25	66.7	12.5	53.3	50	60	66.7	100	60	50	50	22.2	25	100	100	100	57.1	66.7	66.7	0	0	0	0	0	0	55.6	0	100	66.7	40	100	0	100	0	45.5	55.6	21.1	60	85.7	100	69.2	42.9	63.6	72.7	20	25	33.3	33.3	0	100
A1	GCA_000310065	75	0	60	50	33.3	66.7	0	0	75	66.7	12.5	53.3	83.3	80	100	100	80	83.3	75	22.2	50	100	100	100	57.1	58.3	66.7	0	0	0	0	0	0	55.6	11.1	100	66.7	40	100	0	100	0	45.5	88.9	42.1	60	85.7	100	80.8	85.7	90.9	81.8	20	25	33.3	33.3	0	100
A1	GCA_001278845	75	0	20	12.5	0	33.3	0	0	75	33.3	12.5	40	0	60	50	100	20	50	75	11.1	50	100	100	100	14.3	66.7	66.7	0	0	0	0	0	0	0	0	50	33.3	40	100	0	50	0	9.1	55.6	26.3	40	35.7	57.1	73.1	85.7	81.8	54.5	20	25	33.3	33.3	0	20
A1	GCA_001441165	75	0	60	50	33.3	33.3	0	0	75	66.7	12.5	53.3	83.3	80	100	100	80	66.7	75	22.2	50	100	100	100	57.1	58.3	66.7	0	0	0	0	0	0	55.6	11.1	100	66.7	40	100	0	100	0	45.5	88.9	42.1	60	85.7	100	80.8	85.7	90.9	81.8	20	25	33.3	33.3	0	100
A1	GCA_001553565	75	0	60	25	33.3	66.7	0	0	100	66.7	12.5	53.3	50	100	83.3	100	40	100	75	11.1	25	100	100	100	28.6	66.7	66.7	0	0	0	0	0	0	11.1	22.2	100	66.7	40	100	0	50	20	18.2	66.7	36.8	80	71.4	100	80.8	85.7	90.9	72.7	20	25	33.3	33.3	0	100
A1	GCA_001602115	75	0	60	50	33.3	33.3	0	0	75	66.7	12.5	53.3	83.3	80	100	100	80	66.7	75	22.2	50	100	100	100	57.1	58.3	66.7	0	0	0	0	0	0	55.6	11.1	100	66.7	40	100	0	100	0	45.5	88.9	42.1	60	85.7	100	80.8	85.7	90.9	72.7	20	25	33.3	33.3	0	100
A1	GCA_001636295	75	0	60	50	33.3	33.3	0	25	75	66.7	0	53.3	50	80	83.3	100	60	66.7	75	22.2	25	100	100	100	57.1	66.7	66.7	0	0	0	0	0	0	55.6	0	100	66.7	40	100	0	50	0	36.4	88.9	36.8	60	85.7	100	80.8	85.7	90.9	72.7	20	25	33.3	33.3	0	100
A1	GCA_001652465	75	33.3	20	50	33.3	33.3	0	0	25	33.3	12.5	33.3	16.7	40	50	100	20	33.3	50	11.1	50	100	100	100	42.9	66.7	66.7	0	0	0	0	0	0	55.6	0	100	66.7	40	100	0	100	0	45.5	55.6	15.8	40	57.1	57.1	30.8	42.9	45.5	54.5	20	25	33.3	33.3	0	40
A1	GCA_001855335	75	0	60	50	33.3	33.3	0	0	75	66.7	12.5	53.3	83.3	80	100	100	80	66.7	75	22.2	50	100	100	100	57.1	58.3	66.7	0	0	0	0	0	0	55.6	11.1	100	66.7	40	100	0	100	0	45.5	88.9	42.1	60	85.7	100	80.8	85.7	90.9	72.7	20	25	33.3	33.3	0	100
A1	GCA_001889125	75	0	60	50	33.3	33.3	0	25	75	66.7	12.5	46.7	83.3	100	83.3	100	80	83.3	75	66.7	50	100	100	100	71.4	58.3	83.3	0	0	0	0	0	0	55.6	22.2	100	66.7	40	100	0	100	0	45.5	66.7	26.3	60	85.7	100	73.1	57.1	72.7	72.7	20	25	33.3	33.3	0	100
A1	GCA_001974985	75	33.3	60	50	0	33.3	0	0	25	33.3	12.5	53.3	50	0	16.7	100	40	0	0	22.2	50	100	100	100	71.4	66.7	66.7	0	0	0	0	0	0	55.6	22.2	100	66.7	40	100	0	100	0	45.5	33.3	5.3	0	78.6	57.1	23.1	14.3	36.4	36.4	20	25	33.3	33.3	0	100
A1	GCA_001975205	75	0	60	50	33.3	33.3	0	0	75	66.7	12.5	53.3	83.3	80	100	100	80	66.7	75	22.2	50	100	100	100	57.1	58.3	66.7	0	0	0	0	0	0	55.6	11.1	100	66.7	40	100	0	100	0	45.5	88.9	42.1	60	85.7	100	80.8	85.7	90.9	81.8	20	25	33.3	33.3	0	100
A1	GCA_002356195	75	0	60	12.5	0	33.3	0	0	75	66.7	12.5	60	33.3	80	83.3	100	20	66.7	75	11.1	25	100	100	100	14.3	66.7	66.7	0	0	0	0	0	0	0	0	62.5	44.4	40	100	0	50	40	9.1	55.6	36.8	80	50	100	76.9	85.7	81.8	81.8	20	25	33.3	33.3	0	60
A1	GCA_003111765	75	0	60	25	0	66.7	0	0	25	66.7	12.5	60	50	20	16.7	100	40	33.3	25	11.1	0	100	100	100	42.9	66.7	66.7	0	0	0	0	0	0	0	11.1	62.5	33.3	40	100	0	50	40	9.1	11.1	5.3	40	64.3	71.4	57.7	28.6	54.5	45.5	20	25	33.3	33.3	0	80
A1	GCA_003367705	75	33.3	60	50	33.3	66.7	50	0	25	33.3	0	46.7	50	0	16.7	100	40	16.7	0	22.2	50	100	100	100	57.1	66.7	66.7	0	0	0	0	0	0	55.6	0	100	66.7	40	100	0	50	0	36.4	33.3	5.3	0	85.7	57.1	23.1	14.3	36.4	36.4	20	25	33.3	33.3	0	100
A1	GCA_003956085	75	0	60	50	33.3	33.3	0	0	75	66.7	12.5	53.3	83.3	80	100	100	80	66.7	75	22.2	50	100	100	100	57.1	58.3	66.7	0	0	0	0	0	0	55.6	11.1	100	66.7	40	100	0	100	0	45.5	88.9	42.1	60	85.7	100	80.8	85.7	90.9	72.7	20	25	33.3	33.3	0	100
A1	GCA_004010955	75	0	20	12.5	0	33.3	0	0	75	66.7	12.5	46.7	0	60	66.7	100	20	50	75	11.1	50	100	100	100	14.3	66.7	66.7	0	0	0	0	0	0	0	0	50	33.3	40	100	0	0	40	0	55.6	31.6	60	35.7	57.1	73.1	85.7	81.8	72.7	20	25	33.3	33.3	0	20
A1	GCA_004011055	75	0	20	50	0	66.7	0	0	25	66.7	12.5	46.7	33.3	60	66.7	100	40	66.7	50	11.1	50	100	100	100	28.6	58.3	66.7	0	0	0	0	0	0	55.6	11.1	100	66.7	40	100	0	100	0	45.5	55.6	21.1	60	35.7	71.4	69.2	42.9	63.6	63.6	20	25	33.3	33.3	0	60
A1	GCA_004011075	75	0	20	50	0	66.7	0	0	25	66.7	12.5	46.7	50	60	66.7	100	80	66.7	50	22.2	50	100	100	100	57.1	58.3	66.7	0	0	0	0	0	0	55.6	0	100	66.7	40	100	0	100	0	45.5	55.6	21.1	60	50	71.4	69.2	42.9	63.6	72.7	20	25	33.3	33.3	0	60
A1	GCA_004295485	75	0	60	50	33.3	33.3	50	0	100	66.7	12.5	53.3	66.7	100	83.3	100	80	83.3	75	66.7	50	100	100	100	85.7	66.7	66.7	0	0	0	0	0	0	55.6	0	100	66.7	40	100	0	100	0	45.5	88.9	36.8	60	85.7	100	80.8	85.7	90.9	72.7	20	25	33.3	33.3	0	100
A1	GCA_004798665	75	0	60	25	0	66.7	0	25	75	66.7	0	46.7	50	60	50	100	40	66.7	75	11.1	0	100	100	100	42.9	66.7	66.7	0	0	0	0	0	0	0	11.1	62.5	33.3	40	100	0	0	40	0	55.6	26.3	60	64.3	85.7	73.1	85.7	90.9	63.6	20	25	33.3	33.3	0	80
A1	GCA_005696555	75	0	60	25	33.3	66.7	0	0	75	66.7	12.5	60	50	60	83.3	100	60	66.7	75	22.2	25	100	100	100	42.9	66.7	66.7	0	0	0	0	0	0	11.1	0	62.5	44.4	40	100	0	50	0	18.2	66.7	36.8	40	71.4	85.7	76.9	85.7	81.8	63.6	20	25	33.3	33.3	0	60
A1	GCA_005890135	75	0	20	50	0	66.7	0	0	25	66.7	12.5	46.7	33.3	60	66.7	100	40	66.7	50	11.1	50	100	100	100	42.9	58.3	66.7	0	0	0	0	0	0	55.6	0	100	66.7	40	100	0	100	0	45.5	55.6	21.1	60	35.7	71.4	69.2	42.9	63.6	63.6	20	25	33.3	33.3	0	60
A1	GCA_005890155	75	0	60	50	33.3	33.3	0	0	75	66.7	12.5	53.3	83.3	60	83.3	100	80	50	75	22.2	50	100	100	100	57.1	58.3	66.7	0	0	0	0	0	0	55.6	11.1	100	66.7	40	100	0	100	0	45.5	88.9	36.8	40	85.7	85.7	76.9	85.7	90.9	63.6	20	25	33.3	33.3	0	100
A1	GCA_009930795	75	33.3	20	50	33.3	33.3	50	0	25	33.3	12.5	46.7	16.7	40	33.3	100	40	33.3	50	33.3	50	100	100	100	57.1	66.7	66.7	0	0	0	0	0	0	55.6	0	100	66.7	40	100	0	100	0	45.5	55.6	10.5	40	71.4	57.1	42.3	42.9	63.6	54.5	20	25	33.3	33.3	0	60
A1	GCA_009930875	75	0	60	25	0	66.7	0	0	75	66.7	12.5	53.3	50	60	50	100	20	66.7	75	11.1	50	100	100	100	28.6	66.7	66.7	0	0	0	0	0	0	0	0	62.5	33.3	40	100	0	50	40	9.1	55.6	26.3	60	57.1	85.7	73.1	85.7	90.9	54.5	20	25	33.3	33.3	0	80
A1	GCA_900637295	75	0	60	25	0	33.3	0	0	75	66.7	12.5	53.3	50	60	66.7	100	20	50	75	11.1	25	100	100	100	14.3	66.7	66.7	0	0	0	0	0	0	0	0	100	66.7	40	100	0	50	40	9.1	55.6	31.6	60	50	85.7	73.1	85.7	81.8	72.7	20	25	33.3	33.3	0	60
A1	GCA_900637925	75	0	20	50	0	66.7	0	0	25	66.7	12.5	46.7	33.3	60	66.7	100	40	66.7	50	11.1	50	100	100	100	42.9	58.3	66.7	0	0	0	0	0	0	55.6	0	100	66.7	40	100	0	100	0	45.5	55.6	21.1	60	35.7	71.4	69.2	42.9	63.6	72.7	20	25	33.3	33.3	0	60
U10	BHB10-26_Bin_273	75	100	20	12.5	33.3	66.7	0	25	75	100	12.5	46.7	66.7	100	83.3	100	100	100	75	33.3	25	100	100	100	57.1	58.3	50	0	0	0	0	0	0	33.3	44.4	75	44.4	0	0	0	50	20	9.1	33.3	26.3	60	50	42.9	57.7	57.1	63.6	72.7	20	25	33.3	33.3	0	20
U10	BHB10-38_Bin_334	75	100	60	37.5	33.3	66.7	0	25	75	100	12.5	53.3	100	100	83.3	100	100	100	75	22.2	25	100	100	100	57.1	66.7	66.7	0	0	0	0	0	0	44.4	11.1	100	66.7	40	100	0	100	40	27.3	55.6	26.3	60	78.6	100	61.5	57.1	63.6	81.8	20	25	33.3	33.3	0	60
U10	M3-30_Bin_267	75	100	60	37.5	0	33.3	0	25	75	100	12.5	53.3	100	100	83.3	100	100	83.3	75	33.3	25	100	100	100	57.1	66.7	50	0	0	0	0	0	0	55.6	33.3	100	66.7	40	100	0	100	40	36.4	55.6	26.3	80	64.3	100	69.2	57.1	63.6	81.8	20	25	33.3	33.3	0	60
U10	M3-38_Bin_186	75	100	60	37.5	0	33.3	0	25	75	100	12.5	53.3	100	100	83.3	100	100	83.3	100	33.3	25	100	66.7	100	57.1	58.3	50	0	0	0	0	0	0	55.6	33.3	100	66.7	40	100	0	100	40	36.4	55.6	26.3	80	57.1	100	65.4	57.1	63.6	81.8	20	25	33.3	33.3	0	60
U10	M3-38_Bin_440	75	100	60	37.5	33.3	66.7	0	0	50	100	12.5	53.3	100	80	83.3	100	100	83.3	75	33.3	25	100	100	100	57.1	66.7	50	0	0	0	0	0	0	55.6	44.4	100	66.7	40	100	0	100	40	36.4	55.6	26.3	60	78.6	100	53.8	57.1	63.6	81.8	20	25	33.3	33.3	0	60
U10	M3-44_Bin_391	75	100	60	37.5	33.3	33.3	0	25	75	100	12.5	53.3	100	100	83.3	100	100	83.3	75	33.3	25	100	100	100	42.9	66.7	50	0	0	0	0	0	0	44.4	33.3	100	66.7	40	100	0	100	40	36.4	55.6	26.3	80	64.3	100	69.2	57.1	63.6	81.8	20	25	33.3	33.3	0	60
U53	AB_03_Bin_3	75	66.7	60	12.5	0	33.3	0	0	25	66.7	12.5	40	100	40	50	0	100	33.3	25	22.2	25	100	33.3	100	57.1	50	50	0	0	0	0	0	0	0	44.4	75	55.6	20	50	0	0	20	0	11.1	15.8	40	57.1	71.4	53.8	28.6	36.4	63.6	20	25	33.3	33.3	0	60
U53	AB_3033_Bin_153	75	66.7	20	37.5	0	66.7	0	25	50	66.7	12.5	60	66.7	20	33.3	100	100	33.3	25	22.2	25	100	100	100	57.1	75	50	0	0	0	0	0	0	11.1	0	100	66.7	40	100	0	50	0	18.2	33.3	10.5	0	50	28.6	53.8	28.6	45.5	45.5	20	25	33.3	33.3	0	20
U53	AB_3033_Bin_163	75	0	20	25	0	66.7	0	0	50	66.7	0	33.3	50	20	33.3	100	60	33.3	25	11.1	25	100	33.3	100	28.6	41.7	50	0	0	0	0	0	0	0	0	75	55.6	40	100	0	0	0	0	11.1	10.5	0	35.7	28.6	23.1	28.6	36.4	45.5	20	25	33.3	33.3	0	20
U53	AB_3033_Bin_184	75	66.7	60	25	0	66.7	0	50	50	66.7	12.5	46.7	100	80	83.3	100	100	83.3	75	22.2	25	100	100	100	42.9	66.7	50	0	0	0	0	0	0	0	44.4	100	66.7	40	100	0	0	0	0	33.3	26.3	60	64.3	100	61.5	57.1	54.5	72.7	0	0	33.3	33.3	0	60
U53	AB_3033_Bin_57	75	100	20	25	0	33.3	0	25	50	100	12.5	46.7	66.7	20	33.3	100	100	16.7	25	33.3	25	100	100	100	42.9	66.7	50	0	0	0	0	0	0	0	0	100	66.7	40	100	0	0	0	0	11.1	10.5	0	50	28.6	46.2	28.6	45.5	45.5	20	25	33.3	33.3	0	20
U53	AB_3033_Bin_59	75	100	20	25	0	66.7	0	50	50	66.7	12.5	40	66.7	40	50	100	100	50	50	22.2	25	100	100	100	42.9	66.7	50	0	0	0	0	0	0	0	22.2	100	66.7	40	100	0	0	0	0	22.2	15.8	20	50	42.9	53.8	42.9	45.5	54.5	20	25	33.3	33.3	0	20
U53	AB_3033_Bin_7	75	33.3	60	12.5	0	33.3	0	0	25	66.7	12.5	26.7	100	40	50	0	100	33.3	50	22.2	25	100	100	100	42.9	66.7	50	0	0	0	0	0	0	0	0	100	66.7	40	100	0	0	0	0	22.2	15.8	40	50	85.7	50	42.9	45.5	63.6	0	0	33.3	33.3	0	60
U53	Meg19_1012_Bin_171	75	33.3	20	12.5	0	33.3	0	0	25	66.7	0	53.3	66.7	60	66.7	0	80	50	50	22.2	25	100	33.3	100	42.9	16.7	50	0	0	0	0	0	0	0	0	25	0	0	0	0	0	0	0	22.2	21.1	60	35.7	42.9	61.5	42.9	45.5	72.7	20	25	33.3	33.3	0	20
U53	Meg19_1012_Bin_211	75	0	20	12.5	0	33.3	0	0	50	66.7	12.5	46.7	66.7	80	83.3	0	100	66.7	75	22.2	25	100	100	100	42.9	66.7	50	0	0	0	0	0	0	0	0	50	22.2	40	100	0	0	0	0	33.3	26.3	60	50	71.4	57.7	57.1	54.5	72.7	20	25	33.3	33.3	0	20
U53	Meg19_1012_Bin_248	75	33.3	20	12.5	0	33.3	0	0	50	66.7	12.5	33.3	66.7	60	66.7	0	100	50	50	22.2	0	100	100	100	42.9	75	50	0	0	0	0	0	0	0	11.1	50	22.2	40	100	0	0	0	0	22.2	21.1	40	50	57.1	61.5	42.9	45.5	63.6	20	25	33.3	33.3	0	20
U53	Meg19_1012_Bin_263	75	100	20	12.5	0	66.7	0	0	25	66.7	0	46.7	66.7	40	50	0	100	50	25	22.2	25	100	100	100	42.9	66.7	50	0	0	0	0	0	0	0	0	50	22.2	40	100	0	0	0	0	11.1	15.8	40	35.7	57.1	50	28.6	36.4	63.6	20	25	33.3	33.3	0	20
U53	Meg19_1012_Bin_303	75	0	20	0	0	33.3	0	0	50	66.7	0	40	66.7	60	50	0	60	50	75	22.2	25	50	100	100	42.9	66.7	33.3	0	0	0	0	0	0	0	0	25	0	0	0	0	0	0	0	44.4	21.1	40	21.4	28.6	46.2	71.4	45.5	45.5	20	25	0	0	0	20
U53	Meg19_1012_Bin_454	75	66.7	20	25	0	33.3	0	0	25	66.7	0	53.3	66.7	60	66.7	100	100	50	50	22.2	0	100	100	100	42.9	75	50	0	0	0	0	0	0	0	0	37.5	22.2	40	100	0	0	0	0	22.2	21.1	60	50	71.4	46.2	42.9	54.5	72.7	20	25	33.3	33.3	0	20
U53	Meg19_1012_Bin_67	75	66.7	60	25	0	66.7	0	50	50	66.7	12.5	46.7	100	80	83.3	100	100	83.3	75	22.2	25	100	100	100	42.9	66.7	50	0	0	0	0	0	0	0	44.4	100	66.7	40	100	0	0	0	0	33.3	26.3	60	64.3	100	61.5	57.1	54.5	72.7	20	25	33.3	33.3	0	60
U53	Meg19_1012_Bin_91	75	100	20	37.5	0	66.7	0	25	50	66.7	12.5	53.3	66.7	20	33.3	100	100	33.3	25	22.2	25	100	100	100	57.1	75	50	0	0	0	0	0	0	11.1	0	100	66.7	40	100	0	0	0	9.1	22.2	10.5	0	50	28.6	53.8	28.6	45.5	45.5	20	25	33.3	33.3	0	20
U53	Meg19_46_Bin_250	75	33.3	40	50	33.3	66.7	0	25	50	100	12.5	46.7	83.3	80	100	100	100	83.3	100	33.3	25	100	100	100	71.4	75	50	0	0	0	0	0	0	44.4	11.1	87.5	55.6	20	50	0	50	40	18.2	55.6	31.6	60	71.4	71.4	69.2	57.1	72.7	81.8	0	0	33.3	33.3	0	60
U53	Meg22_1012_Bin_108	75	100	20	25	0	66.7	0	0	25	66.7	12.5	46.7	66.7	60	66.7	100	100	66.7	50	22.2	25	100	100	100	42.9	66.7	50	0	0	0	0	0	0	0	0	75	44.4	40	100	0	0	0	0	22.2	21.1	60	50	71.4	65.4	42.9	54.5	72.7	20	25	33.3	33.3	0	20
U53	Meg22_1012_Bin_125	75	33.3	20	12.5	0	33.3	0	0	50	66.7	0	53.3	66.7	80	83.3	0	100	66.7	75	22.2	0	100	100	100	42.9	66.7	50	0	0	0	0	0	0	0	0	25	0	0	0	0	0	0	0	33.3	26.3	60	35.7	42.9	50	57.1	54.5	72.7	20	25	33.3	33.3	0	20
U53	Meg22_1012_Bin_155	75	0	20	25	0	33.3	0	0	25	66.7	0	40	50	60	50	100	80	50	50	22.2	25	100	66.7	100	42.9	66.7	50	0	0	0	0	0	0	0	0	50	22.2	40	100	0	0	0	0	22.2	15.8	60	50	71.4	61.5	42.9	54.5	63.6	20	25	33.3	33.3	0	20
U53	Meg22_1012_Bin_213	75	100	20	12.5	0	66.7	0	25	50	100	12.5	46.7	66.7	80	100	100	100	83.3	75	22.2	25	100	100	100	42.9	66.7	50	0	0	0	0	0	0	0	11.1	87.5	55.6	20	50	0	0	20	0	33.3	31.6	60	57.1	57.1	69.2	57.1	72.7	72.7	20	25	33.3	33.3	0	40
U53	Meg22_1012_Bin_219	75	0	20	25	0	33.3	0	0	0	66.7	0	40	33.3	60	66.7	100	80	50	50	22.2	0	100	33.3	0	42.9	50	50	0	0	0	0	0	0	0	0	25	0	0	0	0	0	0	0	33.3	26.3	60	21.4	42.9	53.8	57.1	45.5	72.7	20	25	33.3	33.3	0	20
U53	Meg22_1012_Bin_226	75	100	20	25	33.3	33.3	0	0	50	66.7	12.5	53.3	66.7	80	83.3	100	100	66.7	75	22.2	25	100	100	100	42.9	66.7	50	0	0	0	0	0	0	0	0	50	22.2	40	100	0	0	0	0	33.3	26.3	60	57.1	71.4	50	57.1	63.6	72.7	20	25	33.3	33.3	0	20
U53	Meg22_1012_Bin_227	75	0	20	0	0	66.7	0	25	25	100	12.5	40	50	60	66.7	0	100	66.7	50	22.2	0	100	100	0	42.9	66.7	50	0	0	0	0	0	0	0	0	50	33.3	40	100	0	0	0	0	22.2	21.1	60	50	71.4	38.5	42.9	54.5	63.6	20	25	33.3	33.3	0	20
U53	Meg22_1012_Bin_23	50	100	20	25	0	33.3	0	0	0	66.7	0	46.7	66.7	40	50	100	100	33.3	25	22.2	0	100	100	100	42.9	75	50	0	0	0	0	0	0	0	0	50	22.2	40	100	0	0	0	0	11.1	15.8	40	42.9	57.1	30.8	28.6	27.3	63.6	20	25	33.3	33.3	0	20
U53	Meg22_1012_Bin_243	50	100	20	0	0	33.3	0	0	50	66.7	0	40	33.3	20	33.3	0	60	16.7	25	22.2	25	100	100	100	28.6	58.3	50	0	0	0	0	0	0	0	0	50	22.2	40	100	0	0	0	0	11.1	10.5	0	42.9	28.6	46.2	28.6	45.5	45.5	20	25	33.3	33.3	0	20
U53	Meg22_1012_Bin_267	75	100	20	25	0	33.3	0	0	50	66.7	12.5	46.7	66.7	60	66.7	100	100	50	75	22.2	25	100	100	100	42.9	75	50	0	0	0	0	0	0	0	11.1	100	66.7	40	100	0	0	0	0	33.3	21.1	40	50	57.1	53.8	57.1	54.5	63.6	20	25	33.3	33.3	0	20
U53	Meg22_1012_Bin_272	50	33.3	20	25	0	33.3	0	0	0	66.7	0	33.3	50	60	66.7	100	80	50	50	22.2	25	100	100	0	42.9	66.7	50	0	0	0	0	0	0	0	0	62.5	33.3	40	100	0	0	0	0	22.2	21.1	60	50	71.4	34.6	42.9	36.4	63.6	20	25	33.3	33.3	0	20
U53	Meg22_1012_Bin_286	75	100	20	25	0	66.7	0	0	50	66.7	0	53.3	66.7	80	83.3	100	100	83.3	75	22.2	25	100	100	100	42.9	66.7	50	0	0	0	0	0	0	0	0	50	22.2	40	100	0	0	0	0	33.3	26.3	60	50	71.4	69.2	57.1	54.5	72.7	20	25	33.3	33.3	0	20
U53	Meg22_1012_Bin_287	75	33.3	20	12.5	0	33.3	0	0	25	66.7	0	40	66.7	40	50	100	100	33.3	25	22.2	25	100	100	0	42.9	66.7	50	0	0	0	0	0	0	0	11.1	50	22.2	40	100	0	0	0	0	11.1	15.8	40	50	57.1	50	28.6	45.5	63.6	20	25	33.3	33.3	0	20
U53	Meg22_1012_Bin_29	75	33.3	20	12.5	0	33.3	0	25	25	66.7	0	40	50	0	16.7	0	100	0	0	11.1	0	100	100	0	28.6	66.7	50	0	0	0	0	0	0	0	0	50	22.2	20	50	0	0	0	0	0	5.3	0	28.6	14.3	34.6	14.3	36.4	36.4	20	25	33.3	33.3	0	20
U53	Meg22_1012_Bin_3	75	100	20	25	0	66.7	0	0	50	66.7	0	53.3	66.7	80	83.3	100	100	83.3	75	22.2	25	100	100	100	42.9	58.3	50	0	0	0	0	0	0	0	0	50	22.2	40	100	0	0	0	0	33.3	26.3	60	50	71.4	69.2	57.1	63.6	72.7	0	0	33.3	33.3	0	20
U53	Meg22_1012_Bin_300	75	66.7	20	25	0	33.3	0	0	50	66.7	12.5	46.7	66.7	80	83.3	100	100	66.7	75	22.2	25	100	100	100	42.9	66.7	50	0	0	0	0	0	0	0	0	25	0	0	0	0	0	0	0	33.3	26.3	60	42.9	42.9	61.5	57.1	63.6	72.7	20	25	33.3	33.3	0	40
U53	Meg22_1012_Bin_304	75	100	20	25	0	33.3	0	0	50	66.7	12.5	40	66.7	60	66.7	100	100	50	75	22.2	25	100	100	100	42.9	66.7	50	0	0	0	0	0	0	0	0	87.5	55.6	40	100	0	0	0	0	33.3	21.1	40	35.7	57.1	53.8	57.1	54.5	63.6	20	25	33.3	33.3	0	20
U53	Meg22_1012_Bin_313	75	100	20	12.5	0	33.3	0	0	25	66.7	12.5	46.7	66.7	60	66.7	0	100	50	50	22.2	25	100	66.7	100	42.9	58.3	50	0	0	0	0	0	0	0	0	62.5	33.3	40	100	0	0	0	0	22.2	21.1	60	50	71.4	53.8	42.9	54.5	72.7	20	25	33.3	33.3	0	20
U53	Meg22_1012_Bin_315	75	100	20	25	0	33.3	0	50	25	66.7	12.5	40	66.7	40	50	100	100	33.3	50	22.2	25	100	100	100	42.9	66.7	50	0	0	0	0	0	0	0	0	50	22.2	40	100	0	0	0	0	22.2	15.8	40	50	57.1	50	42.9	45.5	63.6	20	25	33.3	33.3	0	20
U53	Meg22_1012_Bin_69	75	66.7	20	25	0	66.7	0	0	25	66.7	12.5	40	66.7	20	33.3	100	100	33.3	25	22.2	25	100	100	100	42.9	58.3	50	0	0	0	0	0	0	0	0	50	22.2	40	100	0	0	0	0	11.1	10.5	20	50	42.9	38.5	28.6	36.4	54.5	20	25	33.3	33.3	0	20
U53	Meg22_1012_Bin_93	75	33.3	20	25	0	66.7	0	0	25	66.7	12.5	40	66.7	60	66.7	100	100	66.7	50	22.2	25	100	100	100	42.9	75	50	0	0	0	0	0	0	0	11.1	62.5	33.3	40	100	0	0	0	0	22.2	21.1	60	50	71.4	65.4	42.9	54.5	72.7	20	25	33.3	33.3	0	20
U53	Meg22_1214_Bin_124	75	100	20	25	0	33.3	0	0	25	66.7	0	40	66.7	60	66.7	100	100	50	50	22.2	25	100	100	100	42.9	66.7	50	0	0	0	0	0	0	0	11.1	50	22.2	40	100	0	0	0	0	22.2	21.1	60	50	71.4	50	42.9	54.5	72.7	20	25	33.3	33.3	0	20
U53	Meg22_1214_Bin_133	75	100	20	12.5	0	66.7	0	25	75	100	12.5	46.7	66.7	100	100	100	100	100	75	22.2	25	100	100	100	42.9	66.7	50	0	0	0	0	0	0	0	0	87.5	55.6	20	50	0	0	20	0	33.3	31.6	60	50	57.1	69.2	57.1	72.7	72.7	20	25	33.3	33.3	0	40
U53	Meg22_1214_Bin_154	75	100	20	25	0	33.3	0	0	50	66.7	12.5	40	66.7	60	66.7	100	100	50	75	22.2	25	100	100	100	42.9	75	50	0	0	0	0	0	0	0	11.1	100	66.7	40	100	0	0	0	0	33.3	21.1	40	50	57.1	53.8	57.1	54.5	63.6	20	25	33.3	33.3	0	20
U53	Meg22_1214_Bin_164	75	100	20	25	0	66.7	0	0	25	66.7	12.5	46.7	66.7	40	50	100	100	50	50	22.2	25	100	100	100	42.9	58.3	50	0	0	0	0	0	0	0	0	37.5	11.1	20	50	0	0	0	0	22.2	15.8	40	42.9	42.9	42.3	42.9	45.5	63.6	20	25	33.3	33.3	0	20
U53	Meg22_1214_Bin_167	75	100	20	25	0	33.3	0	0	50	66.7	12.5	33.3	66.7	60	66.7	100	100	50	75	22.2	25	100	100	100	42.9	66.7	50	0	0	0	0	0	0	0	0	100	66.7	40	100	0	0	0	0	33.3	21.1	40	50	57.1	53.8	57.1	54.5	63.6	20	25	33.3	33.3	0	20
U53	Meg22_1214_Bin_278	50	33.3	20	0	0	66.7	0	0	25	100	12.5	40	66.7	0	16.7	0	100	16.7	0	22.2	25	100	100	100	42.9	75	50	0	0	0	0	0	0	0	11.1	50	22.2	40	100	0	0	0	0	0	5.3	0	50	28.6	38.5	14.3	36.4	36.4	20	25	33.3	33.3	0	20
U53	Meg22_1214_Bin_283	75	100	20	25	0	33.3	0	0	50	66.7	12.5	46.7	66.7	80	83.3	100	100	66.7	75	22.2	25	100	100	100	42.9	66.7	50	0	0	0	0	0	0	0	0	50	22.2	40	100	0	0	0	0	33.3	26.3	60	50	71.4	50	57.1	63.6	72.7	20	25	33.3	33.3	0	20
U53	Meg22_1214_Bin_303	75	100	20	25	0	33.3	0	50	25	66.7	12.5	33.3	66.7	40	50	100	100	33.3	50	22.2	25	100	100	100	42.9	66.7	50	0	0	0	0	0	0	0	0	50	22.2	40	100	0	0	0	0	22.2	15.8	40	50	57.1	50	42.9	45.5	63.6	20	25	33.3	33.3	0	20
U53	Meg22_1214_Bin_304	75	66.7	20	12.5	0	33.3	0	0	50	66.7	12.5	46.7	66.7	60	66.7	0	80	50	75	22.2	0	100	100	100	42.9	66.7	50	0	0	0	0	0	0	0	0	37.5	22.2	40	100	0	0	0	0	33.3	21.1	40	50	57.1	46.2	57.1	63.6	63.6	0	0	33.3	33.3	0	20
U53	Meg22_1214_Bin_314	75	66.7	20	12.5	0	33.3	0	0	50	66.7	12.5	40	66.7	80	83.3	0	100	66.7	75	22.2	25	100	100	100	42.9	66.7	50	0	0	0	0	0	0	0	0	50	22.2	40	100	0	0	0	0	33.3	26.3	60	50	71.4	61.5	57.1	54.5	72.7	20	25	33.3	33.3	0	20
U53	Meg22_1214_Bin_330	50	33.3	20	12.5	0	33.3	0	0	25	66.7	0	33.3	33.3	40	50	100	60	33.3	25	11.1	25	100	100	0	14.3	66.7	50	0	0	0	0	0	0	0	0	25	0	0	0	0	0	0	0	11.1	15.8	40	14.3	28.6	53.8	28.6	45.5	63.6	20	25	33.3	33.3	0	20
U53	Meg22_1214_Bin_347	75	66.7	20	12.5	0	66.7	0	25	25	66.7	12.5	40	66.7	0	16.7	0	100	16.7	0	22.2	25	100	100	100	42.9	66.7	50	0	0	0	0	0	0	0	11.1	100	66.7	40	100	0	0	0	0	0	5.3	0	50	28.6	46.2	14.3	27.3	45.5	20	25	33.3	33.3	0	20
U53	Meg22_1214_Bin_372	75	100	20	25	0	66.7	0	0	50	66.7	12.5	46.7	66.7	80	83.3	100	100	83.3	75	22.2	25	100	100	100	42.9	75	50	0	0	0	0	0	0	0	11.1	62.5	33.3	40	100	0	0	0	0	33.3	26.3	60	57.1	71.4	69.2	57.1	63.6	72.7	20	25	33.3	33.3	0	20
U53	Meg22_1214_Bin_388	50	100	20	25	0	33.3	0	0	0	66.7	0	33.3	66.7	60	66.7	100	80	50	50	22.2	0	100	100	100	42.9	66.7	50	0	0	0	0	0	0	0	0	62.5	33.3	40	100	0	0	0	0	22.2	21.1	60	50	71.4	38.5	42.9	36.4	63.6	20	25	33.3	33.3	0	20
U53	Meg22_1416_Bin_127	75	100	20	25	0	33.3	0	0	50	66.7	12.5	46.7	66.7	80	83.3	100	100	66.7	75	22.2	25	100	100	100	42.9	66.7	50	0	0	0	0	0	0	0	0	50	22.2	40	100	0	0	0	0	33.3	26.3	60	50	71.4	61.5	57.1	63.6	72.7	20	25	33.3	33.3	0	20
U53	Meg22_1416_Bin_143	50	100	20	25	0	33.3	0	0	25	66.7	0	33.3	50	60	66.7	100	40	50	50	11.1	0	100	100	100	14.3	66.7	33.3	0	0	0	0	0	0	0	0	62.5	33.3	40	100	0	0	0	0	22.2	21.1	60	35.7	71.4	53.8	42.9	45.5	63.6	0	0	33.3	33.3	0	20
U53	Meg22_1416_Bin_144	75	33.3	20	25	0	66.7	0	0	50	66.7	12.5	40	66.7	80	83.3	100	100	83.3	75	22.2	25	100	100	100	42.9	75	50	0	0	0	0	0	0	0	11.1	37.5	11.1	0	0	0	0	0	0	33.3	26.3	60	42.9	42.9	69.2	57.1	63.6	72.7	20	25	33.3	33.3	0	20
U53	Meg22_1416_Bin_89	75	100	20	25	0	33.3	0	50	25	66.7	12.5	33.3	66.7	40	50	100	100	33.3	50	22.2	25	100	100	100	42.9	66.7	50	0	0	0	0	0	0	0	0	50	22.2	40	100	0	0	0	0	22.2	15.8	40	50	57.1	50	42.9	45.5	63.6	20	25	33.3	33.3	0	20
U53	Meg22_1618_Bin_132	75	100	20	12.5	0	33.3	0	0	25	100	0	46.7	50	0	16.7	0	100	0	0	22.2	25	100	66.7	100	42.9	50	50	0	0	0	0	0	0	0	0	50	22.2	40	100	0	0	0	0	0	5.3	0	50	28.6	38.5	14.3	27.3	45.5	20	25	33.3	33.3	0	20
U53	Meg22_1618_Bin_156	75	100	20	25	33.3	33.3	0	0	50	66.7	12.5	46.7	66.7	80	83.3	100	100	66.7	75	22.2	25	100	100	100	42.9	66.7	50	0	0	0	0	0	0	0	0	50	22.2	40	100	0	0	0	0	33.3	26.3	60	57.1	71.4	61.5	57.1	63.6	72.7	20	25	33.3	33.3	0	20
U53	Meg22_1618_Bin_20	75	100	20	25	0	33.3	0	50	50	66.7	12.5	40	66.7	60	66.7	100	100	50	75	22.2	25	100	100	100	42.9	66.7	50	0	0	0	0	0	0	0	0	75	44.4	40	100	0	0	0	0	33.3	21.1	40	50	57.1	53.8	57.1	54.5	63.6	20	25	33.3	33.3	0	20
U53	Meg22_1618_Bin_25	75	33.3	20	0	0	66.7	0	0	25	100	12.5	33.3	66.7	0	16.7	0	100	16.7	0	22.2	0	100	100	0	42.9	75	50	0	0	0	0	0	0	0	11.1	25	11.1	20	50	0	0	0	0	0	5.3	0	35.7	14.3	42.3	14.3	36.4	45.5	20	25	33.3	33.3	0	20
U53	Meg22_46_Bin_204	75	66.7	60	25	0	66.7	0	50	50	66.7	12.5	46.7	100	80	83.3	100	100	83.3	75	22.2	25	100	100	100	42.9	66.7	50	0	0	0	0	0	0	0	44.4	100	66.7	40	100	0	0	0	0	33.3	26.3	60	64.3	100	61.5	57.1	54.5	72.7	20	25	33.3	33.3	0	60
U53	Meg22_810_Bin_154_2_2	75	100	20	12.5	33.3	33.3	0	0	50	66.7	12.5	33.3	50	20	33.3	0	100	16.7	25	22.2	25	100	33.3	100	42.9	33.3	50	0	0	0	0	0	0	0	0	50	22.2	40	100	0	0	0	0	11.1	10.5	0	57.1	28.6	15.4	28.6	45.5	45.5	20	25	33.3	33.3	0	20
U53	Meg22_810_Bin_174	75	66.7	20	12.5	0	66.7	0	0	50	66.7	12.5	33.3	66.7	80	83.3	0	80	83.3	75	11.1	25	100	100	100	28.6	58.3	33.3	0	0	0	0	0	0	0	0	37.5	22.2	40	100	0	0	0	0	33.3	26.3	60	57.1	71.4	38.5	57.1	63.6	72.7	20	25	33.3	33.3	0	40
U53	Meg22_810_Bin_187	75	100	20	12.5	0	33.3	0	25	25	66.7	12.5	46.7	66.7	60	66.7	0	100	50	50	22.2	25	100	100	100	42.9	66.7	50	0	0	0	0	0	0	0	0	62.5	33.3	40	100	0	0	0	0	22.2	21.1	60	50	71.4	53.8	42.9	54.5	72.7	20	25	33.3	33.3	0	20
U53	Meg22_810_Bin_247	75	66.7	20	12.5	0	33.3	0	0	100	100	0	33.3	33.3	60	50	0	60	50	50	22.2	25	100	33.3	100	42.9	50	50	0	0	0	0	0	0	33.3	0	50	22.2	40	100	0	0	0	0	33.3	21.1	20	50	42.9	46.2	57.1	63.6	54.5	20	25	33.3	33.3	0	20
Z1	M3-30_Bin_234	75	100	60	12.5	33.3	33.3	0	0	25	100	12.5	46.7	83.3	60	66.7	100	60	50	50	11.1	25	100	100	100	14.3	66.7	50	0	0	0	0	0	0	0	11.1	100	66.7	40	100	0	50	40	9.1	22.2	21.1	60	57.1	100	42.3	42.9	54.5	81.8	20	25	33.3	33.3	0	60
Z1	M8-58_Bin_71	50	100	40	12.5	33.3	66.7	0	0	75	66.7	12.5	46.7	50	100	83.3	100	60	100	75	22.2	50	100	33.3	100	14.3	50	50	0	0	0	0	0	0	11.1	0	100	66.7	40	100	0	0	40	9.1	44.4	26.3	80	50	85.7	61.5	57.1	63.6	81.8	20	25	33.3	33.3	0	40
Z1	Meg19_1012_Bin_93	75	100	20	25	33.3	66.7	0	0	50	100	12.5	46.7	66.7	80	83.3	100	100	83.3	75	33.3	25	100	100	100	42.9	58.3	66.7	0	0	0	0	0	0	0	11.1	100	66.7	40	100	0	0	0	0	33.3	26.3	60	64.3	71.4	61.5	57.1	63.6	72.7	20	25	33.3	33.3	0	20
Z1	Meg22_1012_Bin_273	75	66.7	20	25	0	33.3	0	0	50	66.7	12.5	46.7	66.7	80	83.3	100	100	66.7	75	22.2	25	100	100	100	57.1	58.3	66.7	0	0	0	0	0	0	0	11.1	75	55.6	20	50	0	0	0	0	33.3	26.3	60	42.9	57.1	69.2	57.1	63.6	72.7	20	25	33.3	33.3	0	20
Z1	Meg22_1012_Bin_9	50	33.3	20	25	33.3	66.7	0	0	50	66.7	0	33.3	66.7	80	83.3	100	100	83.3	75	33.3	25	100	66.7	100	42.9	50	50	0	0	0	0	0	0	0	11.1	75	44.4	40	100	0	0	0	0	33.3	26.3	60	50	71.4	61.5	57.1	63.6	72.7	20	25	33.3	33.3	0	20
Z1	Meg22_1214_Bin_7	75	66.7	20	12.5	0	66.7	0	0	50	66.7	12.5	53.3	66.7	80	83.3	100	100	83.3	75	22.2	25	100	100	100	42.9	66.7	50	0	0	0	0	0	0	0	11.1	100	66.7	40	100	0	0	0	0	33.3	26.3	60	50	71.4	57.7	57.1	63.6	72.7	0	0	33.3	33.3	0	20
Z1	Meg22_810_Bin_154_2_1	75	100	20	25	33.3	66.7	0	0	50	100	12.5	46.7	66.7	80	83.3	100	100	83.3	75	33.3	25	100	100	0	42.9	58.3	50	0	0	0	0	0	0	0	11.1	100	66.7	40	100	0	0	0	0	33.3	26.3	60	64.3	71.4	61.5	57.1	63.6	72.7	20	25	33.3	33.3	0	20
W2	GCA_003131245	75	0	20	37.5	66.7	33.3	0	0	75	66.7	12.5	60	33.3	100	100	100	40	83.3	75	33.3	50	100	100	100	71.4	75	83.3	0	0	0	0	0	0	66.7	0	100	66.7	40	100	20	100	0	54.5	66.7	31.6	60	64.3	71.4	73.1	57.1	63.6	63.6	20	25	33.3	33.3	0	40
W2	GCA_003131565	75	0	20	37.5	66.7	33.3	50	0	100	66.7	0	40	50	100	100	100	60	83.3	75	11.1	25	100	100	100	57.1	75	83.3	0	0	0	0	0	0	66.7	0	87.5	66.7	40	100	0	100	0	45.5	88.9	42.1	60	64.3	71.4	76.9	85.7	81.8	63.6	20	25	33.3	33.3	0	40
W2	GCA_003133025	75	66.7	20	37.5	66.7	33.3	0	0	75	66.7	0	53.3	16.7	100	100	100	60	83.3	75	11.1	50	100	100	100	57.1	66.7	83.3	0	0	0	0	0	0	66.7	0	87.5	66.7	40	100	0	100	0	45.5	66.7	31.6	60	57.1	71.4	73.1	57.1	63.6	81.8	40	50	33.3	33.3	0	40
W2	GCA_003133745	75	0	20	37.5	33.3	66.7	50	0	25	66.7	12.5	40	50	40	66.7	100	80	50	25	22.2	25	100	100	100	57.1	58.3	66.7	0	0	0	0	0	0	66.7	0	62.5	33.3	40	100	0	100	0	45.5	44.4	21.1	40	64.3	57.1	65.4	28.6	45.5	54.5	20	25	33.3	33.3	0	40
W2	GCA_003134035	75	33.3	60	37.5	33.3	33.3	50	0	25	66.7	37.5	60	100	60	83.3	100	100	50	50	55.6	50	100	100	100	71.4	75	83.3	0	0	0	0	0	0	55.6	0	100	66.7	40	100	0	50	0	36.4	55.6	26.3	60	78.6	100	65.4	42.9	63.6	72.7	40	50	33.3	33.3	0	100
W2	GCA_003134455	75	0	20	37.5	33.3	33.3	50	0	75	66.7	37.5	33.3	50	100	100	100	80	83.3	75	11.1	25	100	100	100	57.1	66.7	66.7	0	0	0	0	0	0	66.7	0	37.5	22.2	40	100	0	100	0	45.5	66.7	31.6	60	57.1	71.4	73.1	57.1	63.6	63.6	40	50	33.3	33.3	0	40
W2	GCA_003134605	50	0	20	37.5	33.3	33.3	50	0	50	66.7	0	40	50	80	83.3	100	60	66.7	50	11.1	25	100	100	100	57.1	58.3	66.7	0	0	0	0	0	0	66.7	0	62.5	33.3	40	100	20	100	0	54.5	55.6	26.3	60	57.1	71.4	69.2	42.9	54.5	63.6	0	0	33.3	33.3	0	40
W2	GCA_003135395	75	0	20	37.5	33.3	33.3	0	0	25	66.7	12.5	33.3	50	20	50	100	60	16.7	25	11.1	25	100	33.3	100	57.1	41.7	66.7	0	0	0	0	0	0	77.8	0	50	33.3	40	100	0	100	0	45.5	44.4	21.1	20	57.1	42.9	61.5	28.6	45.5	45.5	20	25	33.3	33.3	0	40
W2	GCA_003135555	75	0	20	37.5	66.7	33.3	0	0	75	66.7	12.5	60	33.3	100	83.3	100	40	83.3	75	33.3	50	100	100	100	42.9	66.7	83.3	0	0	0	0	0	0	66.7	11.1	100	66.7	40	100	20	100	0	54.5	66.7	26.3	60	64.3	71.4	73.1	57.1	63.6	72.7	20	25	33.3	33.3	0	40
W2	GCA_003136355	75	0	20	37.5	33.3	33.3	50	0	75	66.7	0	46.7	50	100	100	100	60	83.3	75	11.1	25	100	33.3	100	57.1	33.3	66.7	0	0	0	0	0	0	66.7	0	62.5	33.3	40	100	20	100	0	54.5	66.7	31.6	60	57.1	71.4	73.1	57.1	63.6	63.6	20	25	33.3	33.3	0	40
W2	GCA_003136655	75	66.7	20	37.5	66.7	33.3	0	0	75	66.7	37.5	53.3	33.3	100	100	100	60	83.3	75	11.1	50	100	100	100	57.1	66.7	83.3	0	0	0	0	0	0	66.7	0	75	55.6	40	100	0	100	0	45.5	66.7	31.6	60	57.1	71.4	69.2	57.1	63.6	72.7	40	50	33.3	33.3	0	40
W2	GCA_003136895	75	0	20	37.5	66.7	33.3	0	0	25	66.7	12.5	46.7	50	60	83.3	100	60	50	50	11.1	25	100	100	100	42.9	66.7	83.3	0	0	0	0	0	0	77.8	0	50	22.2	40	100	20	100	0	54.5	55.6	26.3	60	64.3	71.4	69.2	42.9	54.5	63.6	20	25	33.3	33.3	0	40
W2	GCA_003139515	75	0	20	37.5	66.7	33.3	50	0	100	66.7	12.5	33.3	50	100	100	100	60	83.3	75	11.1	25	100	100	100	57.1	75	83.3	0	0	0	0	0	0	66.7	0	100	66.7	40	100	0	100	0	45.5	88.9	42.1	60	64.3	71.4	80.8	85.7	81.8	63.6	20	25	33.3	33.3	0	40
W2	GCA_003140455	75	0	20	37.5	66.7	33.3	50	0	100	66.7	12.5	40	50	100	100	100	60	83.3	75	11.1	0	100	100	100	42.9	75	83.3	0	0	0	0	0	0	66.7	0	100	66.7	40	100	0	100	0	45.5	88.9	42.1	60	64.3	71.4	69.2	85.7	81.8	63.6	20	25	33.3	33.3	0	40
W2	GCA_003140835	75	66.7	60	37.5	33.3	33.3	50	0	25	66.7	12.5	53.3	83.3	60	83.3	100	60	50	50	22.2	25	100	33.3	100	71.4	41.7	83.3	0	0	0	0	0	0	66.7	0	50	33.3	40	100	20	100	0	54.5	55.6	26.3	60	71.4	100	69.2	42.9	54.5	63.6	20	25	33.3	33.3	0	80
W2	GCA_003140855	75	0	20	37.5	33.3	33.3	50	25	25	66.7	12.5	33.3	50	40	66.7	100	60	33.3	25	22.2	50	100	100	100	57.1	66.7	66.7	0	0	0	0	0	0	66.7	0	62.5	33.3	40	100	0	100	0	45.5	44.4	21.1	40	57.1	57.1	65.4	28.6	45.5	54.5	20	25	33.3	33.3	0	40
W2	GCA_003155175	75	0	20	37.5	33.3	33.3	50	0	75	66.7	37.5	33.3	50	80	83.3	100	80	66.7	75	22.2	25	100	100	100	57.1	75	66.7	0	0	0	0	0	0	66.7	0	37.5	22.2	40	100	0	100	0	45.5	66.7	26.3	40	57.1	57.1	65.4	57.1	63.6	54.5	40	50	33.3	33.3	0	20
W2	GCA_003156035	75	0	20	37.5	0	33.3	50	0	75	66.7	37.5	26.7	33.3	100	100	100	80	83.3	75	11.1	25	100	100	100	57.1	66.7	66.7	0	0	0	0	0	0	66.7	0	50	33.3	40	100	0	100	0	45.5	66.7	31.6	60	42.9	71.4	69.2	57.1	63.6	63.6	40	50	33.3	33.3	0	40
W2	GCA_003158195	75	0	60	37.5	33.3	33.3	50	0	50	66.7	12.5	60	83.3	80	100	100	100	66.7	75	33.3	50	100	100	100	85.7	66.7	83.3	0	0	0	0	0	0	66.7	11.1	100	66.7	40	100	0	100	0	45.5	66.7	31.6	60	64.3	100	69.2	57.1	63.6	72.7	20	25	33.3	33.3	0	80
W2	GCA_003161555	75	0	20	37.5	66.7	33.3	0	0	75	66.7	0	46.7	33.3	100	100	100	80	83.3	75	44.4	50	100	100	100	71.4	66.7	83.3	0	0	0	0	0	0	55.6	0	100	66.7	40	100	20	100	0	54.5	66.7	31.6	60	57.1	71.4	73.1	57.1	63.6	63.6	20	25	33.3	33.3	0	40
W2	GCA_003163955	75	0	20	37.5	33.3	33.3	50	0	25	66.7	37.5	26.7	33.3	0	33.3	100	80	0	0	22.2	0	100	100	100	57.1	75	66.7	0	0	0	0	0	0	66.7	0	37.5	22.2	40	100	0	100	0	45.5	33.3	10.5	0	57.1	28.6	50	14.3	36.4	36.4	40	50	33.3	33.3	0	40
W2	GCA_003164045	75	0	60	75	66.7	33.3	50	25	75	66.7	12.5	53.3	66.7	100	100	100	80	83.3	75	22.2	50	100	100	100	85.7	66.7	83.3	0	0	0	0	0	0	66.7	11.1	100	66.7	40	100	0	100	0	45.5	66.7	31.6	60	85.7	100	73.1	57.1	63.6	63.6	20	25	33.3	33.3	0	80
W2	GCA_003164495	75	0	60	50	66.7	33.3	50	0	75	66.7	12.5	53.3	66.7	100	100	100	80	83.3	75	33.3	50	100	100	100	85.7	75	83.3	0	0	0	0	0	0	66.7	22.2	100	66.7	40	100	20	100	0	54.5	66.7	31.6	60	85.7	100	73.1	57.1	63.6	63.6	20	25	33.3	33.3	0	80
W2	GCA_003164995	75	0	20	37.5	0	33.3	50	0	50	66.7	37.5	26.7	0	80	100	100	40	66.7	75	22.2	0	100	100	100	42.9	66.7	66.7	0	0	0	0	0	0	66.7	0	37.5	22.2	40	100	0	100	0	45.5	66.7	31.6	60	35.7	71.4	69.2	57.1	63.6	63.6	40	50	33.3	33.3	0	20
W2	GCA_003166915	75	66.7	20	37.5	66.7	33.3	50	0	25	66.7	12.5	46.7	50	60	83.3	100	60	50	50	11.1	25	100	100	100	71.4	66.7	83.3	0	0	0	0	0	0	66.7	0	50	33.3	40	100	0	100	0	45.5	55.6	26.3	60	64.3	71.4	65.4	42.9	54.5	63.6	20	25	33.3	33.3	0	40
W2	GCA_003167155	75	66.7	20	37.5	33.3	33.3	50	0	25	66.7	12.5	40	50	60	83.3	100	80	50	50	22.2	50	100	33.3	100	85.7	33.3	83.3	0	0	0	0	0	0	66.7	0	50	33.3	40	100	0	100	0	45.5	55.6	26.3	60	64.3	71.4	69.2	42.9	54.5	63.6	20	25	33.3	33.3	0	40
W2	GCA_003167455	75	0	20	37.5	66.7	33.3	50	0	100	66.7	12.5	40	50	100	100	100	60	83.3	75	11.1	25	100	100	100	57.1	75	83.3	0	0	0	0	0	0	66.7	0	100	66.7	40	100	0	100	0	45.5	88.9	42.1	60	64.3	71.4	80.8	85.7	81.8	63.6	20	25	33.3	33.3	0	40
W2	GCA_003169925	75	0	20	37.5	66.7	33.3	50	0	100	66.7	12.5	40	50	100	100	100	60	83.3	75	11.1	25	100	100	100	57.1	75	83.3	0	0	0	0	0	0	66.7	0	87.5	66.7	40	100	0	100	0	45.5	88.9	42.1	60	64.3	71.4	69.2	85.7	81.8	63.6	20	25	33.3	33.3	0	40
W2	GCA_003170255	75	0	20	37.5	66.7	33.3	0	0	75	66.7	12.5	60	33.3	100	100	100	40	83.3	75	22.2	50	100	100	100	42.9	66.7	83.3	0	0	0	0	0	0	66.7	11.1	100	66.7	40	100	20	100	0	54.5	66.7	31.6	60	64.3	71.4	73.1	57.1	63.6	72.7	20	25	33.3	33.3	0	40
W2	GCA_003243975	75	0	20	37.5	33.3	33.3	50	0	75	66.7	12.5	40	50	100	100	100	60	83.3	75	11.1	25	100	33.3	100	57.1	50	66.7	0	0	0	0	0	0	66.7	0	37.5	22.2	40	100	0	100	0	45.5	66.7	31.6	60	57.1	71.4	73.1	57.1	63.6	63.6	20	25	33.3	33.3	0	40
F1	GCA_000203855	50	100	0	25	0	33.3	0	25	50	33.3	12.5	46.7	0	60	50	100	0	50	75	0	25	100	100	100	14.3	75	66.7	0	0	0	0	0	0	0	0	50	33.3	40	100	0	50	0	9.1	66.7	31.6	40	42.9	57.1	30.8	100	72.7	54.5	20	25	33.3	33.3	0	20
F1	GCA_000504125	50	33.3	20	25	0	33.3	0	0	25	66.7	12.5	40	16.7	0	0	100	20	0	0	0	25	100	100	100	0	66.7	66.7	0	0	0	0	0	0	0	11.1	50	33.3	40	100	0	0	0	0	0	0	0	35.7	28.6	11.5	14.3	27.3	36.4	20	25	33.3	33.3	0	20
F1	GCA_000789395	50	33.3	60	25	0	33.3	50	25	25	66.7	12.5	46.7	100	60	66.7	100	60	50	50	22.2	25	100	100	100	57.1	66.7	66.7	0	0	0	0	0	0	11.1	33.3	50	22.2	20	50	0	50	0	9.1	22.2	21.1	60	78.6	85.7	19.2	42.9	54.5	63.6	20	25	33.3	33.3	0	80
F1	GCA_001186155	75	0	20	50	0	66.7	0	25	75	66.7	12.5	46.7	33.3	80	66.7	100	60	83.3	75	22.2	50	100	100	100	57.1	75	66.7	0	0	0	0	0	0	66.7	0	50	33.3	40	100	0	100	0	45.5	100	36.8	60	57.1	71.4	53.8	100	90.9	63.6	20	25	33.3	33.3	0	20
F1	GCA_001484005	25	100	0	25	0	33.3	0	25	0	33.3	12.5	46.7	0	0	0	100	0	0	0	0	25	100	100	100	14.3	75	66.7	0	0	0	0	0	0	0	0	50	33.3	40	100	0	50	0	9.1	0	0	0	42.9	28.6	3.8	14.3	18.2	18.2	20	25	33.3	33.3	0	20
F1	GCA_001687665	75	66.7	60	50	0	33.3	0	25	25	66.7	12.5	60	66.7	60	50	100	60	50	50	22.2	50	100	100	100	57.1	66.7	66.7	0	0	0	0	0	0	66.7	11.1	100	66.7	40	100	0	100	0	45.5	55.6	15.8	60	71.4	100	38.5	42.9	54.5	63.6	20	25	33.3	33.3	0	60
F1	GCA_001702155	50	33.3	20	25	0	33.3	0	25	0	66.7	12.5	46.7	16.7	0	0	100	20	0	0	11.1	25	100	100	100	28.6	75	66.7	0	0	0	0	0	0	0	11.1	100	66.7	40	100	0	50	0	9.1	0	0	0	50	28.6	7.7	14.3	18.2	27.3	20	25	33.3	33.3	0	20
F1	GCA_001854085	75	33.3	60	25	0	33.3	0	25	50	66.7	12.5	53.3	100	80	83.3	100	60	66.7	75	22.2	25	100	100	100	57.1	66.7	66.7	0	0	0	0	0	0	11.1	33.3	50	22.2	20	50	0	0	0	0	33.3	26.3	60	78.6	85.7	26.9	57.1	72.7	63.6	20	25	33.3	33.3	0	80
F1	GCA_002005385	50	100	0	25	0	33.3	0	25	50	33.3	12.5	46.7	0	60	50	100	0	50	75	0	25	100	100	100	14.3	75	66.7	0	0	0	0	0	0	0	0	50	33.3	40	100	0	50	0	9.1	66.7	31.6	40	42.9	57.1	30.8	100	72.7	54.5	20	25	33.3	33.3	0	20
F1	GCA_002109365	75	66.7	60	50	0	66.7	0	25	75	66.7	12.5	66.7	66.7	80	83.3	100	60	83.3	75	22.2	50	100	100	100	71.4	75	66.7	0	0	0	0	0	0	66.7	0	50	33.3	40	100	0	100	0	45.5	100	42.1	60	78.6	100	53.8	100	100	63.6	20	25	33.3	33.3	0	80
F1	GCA_002117245	25	100	0	25	0	33.3	0	25	0	33.3	12.5	46.7	0	0	0	100	0	0	0	0	25	100	100	100	14.3	75	66.7	0	0	0	0	0	0	0	0	50	33.3	40	100	0	50	0	9.1	0	0	0	42.9	28.6	3.8	14.3	18.2	18.2	20	25	33.3	33.3	0	20
F1	GCA_002117305	25	100	0	25	0	33.3	0	25	0	33.3	12.5	46.7	0	0	0	100	0	0	0	0	25	100	100	100	14.3	75	66.7	0	0	0	0	0	0	0	0	50	33.3	40	100	0	50	0	9.1	0	0	0	42.9	28.6	3.8	14.3	18.2	18.2	20	25	33.3	33.3	0	20
F1	GCA_002173655	25	100	0	25	0	33.3	0	25	0	33.3	12.5	46.7	0	0	0	100	0	0	0	0	25	100	100	100	0	75	66.7	0	0	0	0	0	0	0	0	50	33.3	40	100	0	50	0	9.1	0	0	0	42.9	28.6	3.8	14.3	18.2	18.2	20	25	33.3	33.3	0	20
F1	GCA_002220175	25	100	0	25	0	33.3	0	25	0	33.3	12.5	46.7	0	0	0	100	0	0	0	0	25	100	100	100	14.3	75	66.7	0	0	0	0	0	0	0	0	50	33.3	40	100	0	50	0	9.1	0	0	0	42.9	28.6	3.8	14.3	18.2	18.2	20	25	33.3	33.3	0	20
F1	GCA_002286275	50	100	0	25	0	33.3	0	25	50	33.3	12.5	46.7	0	60	50	100	0	50	75	0	25	100	100	100	14.3	75	66.7	0	0	0	0	0	0	0	0	50	33.3	40	100	0	50	0	9.1	66.7	31.6	40	42.9	57.1	30.8	100	72.7	54.5	20	25	33.3	33.3	0	20
F1	GCA_002804065	75	100	60	50	33.3	33.3	0	25	75	66.7	12.5	53.3	66.7	100	83.3	100	100	83.3	75	55.6	50	100	100	100	57.1	58.3	50	0	0	0	0	0	0	66.7	22.2	87.5	66.7	40	100	0	100	0	45.5	66.7	26.3	60	78.6	100	65.4	57.1	63.6	63.6	60	75	33.3	33.3	0	80
F1	GCA_002868755	50	100	0	25	0	33.3	0	25	50	33.3	12.5	46.7	0	60	50	100	0	50	75	0	25	100	100	100	0	75	66.7	0	0	0	0	0	0	0	0	50	33.3	40	100	0	50	0	9.1	66.7	31.6	40	42.9	57.1	30.8	100	72.7	54.5	20	25	33.3	33.3	0	20
F1	GCA_002951815	75	100	20	37.5	66.7	33.3	100	25	50	66.7	12.5	53.3	66.7	80	100	100	100	66.7	75	33.3	25	100	100	100	57.1	66.7	66.7	0	0	0	0	0	0	55.6	0	100	66.7	40	100	0	50	0	36.4	66.7	31.6	60	64.3	71.4	73.1	57.1	63.6	72.7	20	25	33.3	33.3	0	40
F1	GCA_003350945	75	33.3	60	25	0	33.3	0	25	50	66.7	12.5	46.7	100	80	83.3	100	60	66.7	75	22.2	25	100	100	100	57.1	66.7	66.7	0	0	0	0	0	0	11.1	22.2	50	22.2	20	50	0	0	0	0	33.3	26.3	60	78.6	85.7	26.9	57.1	72.7	63.6	20	25	33.3	33.3	0	80
F1	GCA_003574015	50	0	40	25	0	33.3	0	25	50	66.7	12.5	46.7	66.7	20	33.3	100	40	16.7	25	11.1	25	100	100	100	42.9	66.7	66.7	0	0	0	0	0	0	11.1	11.1	100	77.8	60	100	0	0	0	0	11.1	10.5	0	57.1	42.9	34.6	28.6	36.4	45.5	20	25	33.3	33.3	0	40
F1	GCA_003641165	25	100	0	25	0	33.3	0	25	0	33.3	12.5	46.7	0	0	0	100	0	0	0	0	25	100	100	100	0	75	66.7	0	0	0	0	0	0	0	0	50	33.3	40	100	0	50	0	9.1	0	0	0	42.9	28.6	3.8	14.3	18.2	18.2	20	25	33.3	33.3	0	20
F1	GCA_004101625	25	100	0	25	0	33.3	0	25	0	33.3	12.5	46.7	0	0	0	100	0	0	0	0	25	100	100	100	14.3	75	66.7	0	0	0	0	0	0	0	0	50	33.3	40	100	0	50	0	9.1	0	0	0	42.9	28.6	3.8	14.3	18.2	18.2	20	25	33.3	33.3	0	20
F1	GCA_004103515	25	100	0	25	0	33.3	0	25	0	33.3	12.5	46.7	0	0	0	100	0	0	0	0	25	100	100	100	14.3	75	66.7	0	0	0	0	0	0	0	0	50	33.3	40	100	0	50	0	9.1	0	0	0	42.9	28.6	3.8	14.3	18.2	18.2	20	25	33.3	33.3	0	20
F1	GCA_004141755	25	100	0	25	0	33.3	0	25	0	33.3	12.5	46.7	16.7	0	0	100	20	0	0	0	25	100	100	100	14.3	75	66.7	0	0	0	0	0	0	0	11.1	50	33.3	40	100	0	50	0	9.1	0	0	0	50	28.6	3.8	14.3	18.2	18.2	20	25	33.3	33.3	0	20
F1	GCA_007361935	50	33.3	20	0	0	33.3	0	25	25	100	12.5	53.3	66.7	0	16.7	0	60	0	0	22.2	25	100	100	100	42.9	75	50	0	0	0	0	0	0	0	11.1	100	77.8	60	100	0	0	0	0	0	5.3	0	57.1	28.6	19.2	14.3	45.5	45.5	20	25	33.3	33.3	0	40
F1	GCA_009619495	50	100	0	25	0	33.3	0	25	50	33.3	12.5	46.7	0	60	50	100	0	50	75	0	25	100	100	100	14.3	75	66.7	0	0	0	0	0	0	0	0	50	33.3	40	100	0	50	0	9.1	66.7	31.6	40	42.9	57.1	30.8	100	72.7	54.5	20	25	33.3	33.3	0	20
F1	GCA_009697285	50	33.3	20	25	0	33.3	0	25	25	33.3	12.5	46.7	16.7	0	0	100	20	0	0	0	25	50	100	100	0	66.7	50	0	0	0	0	0	0	0	11.1	62.5	44.4	40	100	0	0	0	0	0	0	0	35.7	28.6	7.7	14.3	27.3	36.4	20	25	0	0	0	20
F1	GCA_009913695	25	100	0	25	0	33.3	0	25	0	33.3	12.5	46.7	0	0	0	100	0	0	0	0	25	100	100	100	14.3	75	66.7	0	0	0	0	0	0	0	0	50	33.3	40	100	0	50	0	9.1	0	0	0	42.9	28.6	3.8	14.3	18.2	18.2	20	25	33.3	33.3	0	20
F1	GCA_900094185	50	66.7	20	25	0	33.3	0	25	25	33.3	12.5	46.7	16.7	0	0	100	20	0	0	0	25	50	100	100	0	66.7	50	0	0	0	0	0	0	0	11.1	62.5	44.4	40	100	0	0	0	0	0	0	0	35.7	28.6	7.7	14.3	27.3	36.4	20	25	0	0	0	20
F1	GCA_900639545	50	33.3	20	25	0	33.3	0	25	25	33.3	12.5	46.7	16.7	0	0	100	20	0	0	0	25	50	100	100	0	66.7	50	0	0	0	0	0	0	0	11.1	62.5	44.4	40	100	0	0	0	0	0	0	0	35.7	28.6	7.7	14.3	27.3	36.4	20	25	0	0	0	20
F1	GCA_902386435	75	33.3	60	25	0	33.3	0	25	50	66.7	12.5	53.3	100	80	83.3	100	60	66.7	75	22.2	25	100	100	100	57.1	66.7	66.7	0	0	0	0	0	0	11.1	33.3	50	22.2	20	50	0	0	0	0	33.3	26.3	60	78.6	85.7	26.9	57.1	72.7	63.6	20	25	33.3	33.3	0	80
C1	GCA_000009025	75	0	20	12.5	33.3	66.7	0	0	75	66.7	12.5	46.7	50	100	83.3	100	80	100	75	11.1	0	100	100	100	42.9	58.3	50	0	0	0	0	0	0	11.1	0	100	66.7	40	100	0	0	0	0	33.3	26.3	60	42.9	71.4	69.2	57.1	54.5	72.7	0	0	33.3	33.3	0	20
C1	GCA_000011905	75	0	20	12.5	0	66.7	0	0	75	66.7	12.5	40	50	100	83.3	100	100	100	75	22.2	0	100	100	100	57.1	58.3	50	0	0	0	0	0	0	11.1	0	100	66.7	40	100	0	0	0	0	33.3	26.3	60	35.7	71.4	69.2	57.1	54.5	72.7	40	50	33.3	33.3	0	20
C1	GCA_000016665	75	100	20	50	33.3	66.7	0	25	100	66.7	37.5	46.7	33.3	100	100	100	60	100	75	11.1	50	100	100	100	42.9	66.7	66.7	0	0	0	0	0	0	44.4	11.1	87.5	66.7	40	100	0	50	0	36.4	77.8	36.8	60	57.1	71.4	76.9	71.4	81.8	63.6	40	50	33.3	33.3	0	60
C1	GCA_000016705	75	0	20	12.5	33.3	66.7	0	0	75	66.7	12.5	46.7	50	100	83.3	100	80	100	75	11.1	0	100	100	100	42.9	58.3	50	0	0	0	0	0	0	11.1	0	100	66.7	40	100	0	0	0	0	33.3	26.3	60	42.9	71.4	69.2	57.1	54.5	72.7	0	0	33.3	33.3	0	20
C1	GCA_000017805	75	100	20	50	33.3	66.7	0	25	100	66.7	37.5	46.7	33.3	100	100	100	60	100	75	11.1	50	100	100	100	42.9	66.7	66.7	0	0	0	0	0	0	44.4	11.1	87.5	66.7	40	100	0	50	0	36.4	77.8	36.8	60	57.1	71.4	76.9	71.4	81.8	63.6	40	50	33.3	33.3	0	60
C1	GCA_000018565	75	100	60	50	66.7	66.7	50	0	50	66.7	12.5	60	66.7	60	66.7	100	60	66.7	50	11.1	50	100	100	100	42.9	58.3	83.3	0	0	0	0	0	0	66.7	11.1	87.5	66.7	40	100	0	100	0	45.5	66.7	26.3	60	85.7	100	73.1	57.1	72.7	72.7	20	25	33.3	33.3	0	100
C1	GCA_000018865	75	100	60	50	33.3	66.7	0	25	100	66.7	37.5	53.3	66.7	100	83.3	100	60	100	75	11.1	50	100	100	100	42.9	58.3	50	0	0	0	0	0	0	44.4	11.1	87.5	66.7	40	100	0	100	0	45.5	77.8	31.6	60	71.4	100	76.9	71.4	81.8	63.6	40	50	33.3	33.3	0	100
C1	GCA_000021685	75	0	20	37.5	66.7	33.3	0	25	75	66.7	12.5	40	33.3	100	83.3	100	80	83.3	75	55.6	50	100	100	100	85.7	66.7	66.7	0	0	0	0	0	0	44.4	11.1	87.5	66.7	40	100	0	100	0	45.5	66.7	26.3	60	71.4	71.4	73.1	57.1	63.6	72.7	20	25	33.3	33.3	0	40
C1	GCA_000021945	75	100	20	50	33.3	66.7	0	25	100	66.7	37.5	40	33.3	100	83.3	100	60	100	75	11.1	50	100	100	100	42.9	58.3	50	0	0	0	0	0	0	44.4	11.1	87.5	66.7	40	100	0	100	0	45.5	77.8	31.6	60	57.1	71.4	76.9	71.4	81.8	63.6	40	50	33.3	33.3	0	60
C1	GCA_000022185	75	100	60	50	33.3	66.7	0	25	100	66.7	37.5	53.3	66.7	100	83.3	100	60	100	75	11.1	50	100	100	100	42.9	58.3	50	0	0	0	0	0	0	44.4	11.1	87.5	66.7	40	100	0	100	0	45.5	77.8	31.6	60	71.4	100	76.9	71.4	81.8	63.6	40	50	33.3	33.3	0	100
C1	GCA_000024985	75	0	20	37.5	66.7	33.3	0	25	75	66.7	12.5	40	33.3	100	83.3	100	80	83.3	75	33.3	50	100	100	100	85.7	66.7	66.7	0	0	0	0	0	0	44.4	22.2	50	33.3	40	100	0	100	0	45.5	66.7	26.3	60	78.6	71.4	73.1	57.1	72.7	72.7	20	25	33.3	33.3	0	60
C1	GCA_000025025	75	0	20	12.5	0	66.7	0	0	75	66.7	12.5	46.7	50	100	83.3	100	100	100	75	22.2	0	100	100	100	57.1	58.3	50	0	0	0	0	0	0	11.1	0	100	66.7	40	100	0	0	0	0	33.3	26.3	60	42.9	71.4	69.2	57.1	54.5	72.7	0	0	33.3	33.3	0	20
C1	GCA_000025585	75	0	20	12.5	33.3	66.7	0	0	75	66.7	12.5	53.3	50	100	83.3	100	80	100	75	11.1	0	100	100	100	42.9	58.3	50	0	0	0	0	0	0	11.1	0	100	66.7	40	100	0	0	0	0	33.3	26.3	60	42.9	71.4	69.2	57.1	54.5	72.7	0	0	33.3	33.3	0	20
C1	GCA_000143165	75	0	60	37.5	33.3	66.7	0	25	75	100	12.5	46.7	100	100	83.3	100	100	100	75	22.2	25	100	100	100	71.4	66.7	66.7	0	0	0	0	0	0	22.2	11.1	100	66.7	40	100	0	50	20	18.2	55.6	26.3	60	64.3	100	69.2	57.1	63.6	72.7	0	0	33.3	33.3	0	60
C1	GCA_000178855	75	100	60	37.5	66.7	66.7	50	0	75	66.7	12.5	60	83.3	100	83.3	100	100	100	75	44.4	50	100	100	100	85.7	58.3	83.3	0	0	0	0	0	0	66.7	22.2	100	66.7	40	100	0	50	0	36.4	55.6	26.3	60	92.9	100	73.1	57.1	72.7	72.7	20	25	33.3	33.3	0	100
C1	GCA_000199675	75	33.3	40	37.5	33.3	33.3	0	25	75	66.7	12.5	40	33.3	100	100	100	60	83.3	75	11.1	50	100	100	100	28.6	75	66.7	0	0	0	0	0	0	44.4	22.2	87.5	66.7	40	100	0	50	40	36.4	66.7	31.6	80	57.1	71.4	73.1	57.1	63.6	81.8	20	25	33.3	33.3	0	60
C1	GCA_000281175	75	100	80	50	33.3	66.7	0	25	75	66.7	12.5	53.3	100	100	83.3	100	80	100	100	11.1	50	100	100	100	71.4	66.7	66.7	0	0	0	0	0	0	66.7	22.2	87.5	66.7	40	100	0	100	40	45.5	66.7	26.3	80	78.6	100	73.1	57.1	72.7	72.7	20	25	33.3	33.3	0	100
C1	GCA_000341655	75	0	20	12.5	33.3	66.7	0	0	75	66.7	12.5	46.7	50	100	83.3	100	80	100	75	11.1	0	100	100	100	42.9	58.3	50	0	0	0	0	0	0	11.1	0	100	66.7	40	100	0	0	0	0	33.3	26.3	60	42.9	71.4	69.2	57.1	54.5	72.7	20	25	33.3	33.3	0	20
C1	GCA_000341695	75	0	20	12.5	33.3	66.7	0	0	75	66.7	12.5	46.7	50	100	83.3	100	80	100	75	11.1	0	100	100	100	42.9	58.3	50	0	0	0	0	0	0	11.1	0	100	66.7	40	100	0	0	0	0	33.3	26.3	60	42.9	71.4	69.2	57.1	54.5	72.7	0	0	33.3	33.3	0	20
C1	GCA_000499365	75	0	20	12.5	0	66.7	0	0	75	66.7	12.5	40	50	100	83.3	100	80	100	75	11.1	0	100	100	100	42.9	58.3	50	0	0	0	0	0	0	11.1	0	100	66.7	40	100	0	0	0	0	33.3	26.3	60	35.7	71.4	69.2	57.1	54.5	72.7	0	0	33.3	33.3	0	20
C1	GCA_000830885	75	0	20	12.5	33.3	66.7	0	0	75	66.7	12.5	46.7	50	100	83.3	100	80	100	75	11.1	0	100	100	100	42.9	58.3	50	0	0	0	0	0	0	11.1	0	100	66.7	40	100	0	0	0	0	33.3	26.3	60	42.9	71.4	69.2	57.1	54.5	72.7	0	0	33.3	33.3	0	20
C1	GCA_000830905	75	0	20	12.5	0	66.7	0	0	75	66.7	12.5	40	50	100	83.3	100	100	100	75	22.2	0	100	100	100	57.1	58.3	50	0	0	0	0	0	0	11.1	0	100	66.7	40	100	0	0	0	0	33.3	26.3	60	35.7	71.4	69.2	57.1	54.5	72.7	40	50	33.3	33.3	0	20
C1	GCA_000830925	75	0	20	12.5	0	66.7	0	0	75	66.7	12.5	40	50	100	83.3	100	100	100	75	22.2	0	100	100	100	57.1	58.3	50	0	0	0	0	0	0	11.1	0	100	66.7	40	100	0	0	0	0	33.3	26.3	60	35.7	71.4	69.2	57.1	54.5	72.7	0	0	33.3	33.3	0	20
C1	GCA_001005265	75	0	20	50	33.3	66.7	0	25	75	100	12.5	33.3	66.7	100	83.3	100	100	100	75	22.2	25	100	100	100	57.1	66.7	66.7	0	0	0	0	0	0	22.2	0	100	77.8	60	100	0	50	0	18.2	55.6	26.3	60	50	71.4	69.2	57.1	63.6	72.7	40	50	33.3	33.3	0	20
C1	GCA_001010485	75	0	20	12.5	0	66.7	0	0	75	66.7	12.5	46.7	50	100	83.3	100	80	100	75	11.1	0	100	100	100	42.9	58.3	50	0	0	0	0	0	0	11.1	0	100	66.7	40	100	0	0	0	0	33.3	26.3	60	35.7	71.4	69.2	57.1	54.5	72.7	0	0	33.3	33.3	0	20
C1	GCA_001306135	75	100	60	50	66.7	66.7	50	0	75	66.7	12.5	60	66.7	80	100	100	60	83.3	75	11.1	50	100	100	100	42.9	66.7	66.7	0	0	0	0	0	0	66.7	11.1	87.5	66.7	40	100	0	100	0	45.5	77.8	36.8	60	85.7	100	76.9	71.4	81.8	72.7	20	25	33.3	33.3	0	100
C1	GCA_001399705	75	100	40	50	66.7	66.7	0	0	100	66.7	37.5	46.7	50	100	100	100	80	100	75	22.2	50	100	100	100	57.1	75	66.7	0	0	0	0	0	0	66.7	22.2	75	55.6	40	100	0	100	0	45.5	77.8	36.8	60	78.6	85.7	73.1	71.4	81.8	72.7	40	50	33.3	33.3	0	80
C1	GCA_001547795	75	0	20	12.5	33.3	66.7	0	0	75	66.7	12.5	40	50	100	83.3	100	80	100	75	11.1	0	100	100	100	42.9	58.3	50	0	0	0	0	0	0	11.1	0	100	66.7	40	100	0	0	0	0	33.3	26.3	60	42.9	71.4	69.2	57.1	54.5	72.7	0	0	33.3	33.3	0	20
C1	GCA_001610775	75	0	20	12.5	33.3	66.7	0	0	75	66.7	12.5	53.3	50	100	83.3	100	80	100	75	11.1	0	100	100	100	42.9	58.3	50	0	0	0	0	0	0	11.1	0	100	66.7	40	100	0	0	0	0	33.3	26.3	60	42.9	71.4	69.2	57.1	54.5	72.7	0	0	33.3	33.3	0	20
C1	GCA_001717545	50	0	20	25	0	66.7	0	0	25	66.7	12.5	46.7	50	0	16.7	100	20	16.7	0	11.1	25	100	100	100	14.3	58.3	50	0	0	0	0	0	0	0	0	25	0	0	0	0	0	0	0	0	5.3	0	28.6	0	23.1	14.3	36.4	45.5	40	50	33.3	33.3	0	40
C1	GCA_001761445	75	0	20	12.5	33.3	66.7	0	0	75	66.7	12.5	53.3	50	100	83.3	100	80	100	75	11.1	0	100	100	100	42.9	58.3	50	0	0	0	0	0	0	11.1	0	100	66.7	40	100	0	0	0	0	33.3	26.3	60	42.9	71.4	69.2	57.1	54.5	72.7	0	0	33.3	33.3	0	20
C1	GCA_001889305	75	0	20	12.5	0	66.7	0	0	75	66.7	12.5	40	50	100	83.3	100	100	100	75	22.2	0	100	100	100	57.1	58.3	50	0	0	0	0	0	0	11.1	0	100	66.7	40	100	0	0	0	0	33.3	26.3	60	35.7	71.4	69.2	57.1	54.5	72.7	0	0	33.3	33.3	0	20
C1	GCA_001898225	75	100	20	37.5	66.7	33.3	50	25	75	66.7	12.5	60	66.7	100	83.3	100	100	83.3	100	77.8	50	100	100	100	57.1	66.7	66.7	0	0	0	0	0	0	66.7	22.2	100	77.8	60	100	0	100	0	45.5	66.7	26.3	60	78.6	71.4	73.1	57.1	63.6	81.8	20	25	33.3	33.3	0	40
C1	GCA_001953175	75	0	20	37.5	33.3	66.7	0	25	75	100	12.5	53.3	66.7	100	83.3	100	100	100	75	22.2	25	100	100	100	42.9	66.7	66.7	0	0	0	0	0	0	22.2	11.1	100	77.8	60	100	0	50	20	27.3	66.7	26.3	60	42.9	71.4	73.1	57.1	63.6	72.7	0	0	33.3	33.3	0	20
C1	GCA_002007825	75	0	20	12.5	0	66.7	0	0	75	66.7	12.5	33.3	50	100	83.3	100	100	100	75	22.2	0	100	100	100	57.1	58.3	50	0	0	0	0	0	0	11.1	0	100	66.7	40	100	0	0	0	0	33.3	26.3	60	42.9	71.4	69.2	57.1	63.6	72.7	40	50	33.3	33.3	0	40
C1	GCA_002007845	75	0	20	12.5	33.3	66.7	0	0	75	66.7	12.5	46.7	50	100	83.3	100	80	100	75	11.1	0	100	100	100	42.9	58.3	50	0	0	0	0	0	0	11.1	0	100	66.7	40	100	0	0	0	0	33.3	26.3	60	42.9	71.4	69.2	57.1	54.5	72.7	0	0	33.3	33.3	0	20
C1	GCA_002007865	75	0	20	12.5	33.3	66.7	0	0	75	66.7	12.5	46.7	50	100	83.3	100	80	100	75	11.1	0	100	100	100	42.9	58.3	50	0	0	0	0	0	0	11.1	0	100	66.7	40	100	0	0	0	0	33.3	26.3	60	42.9	71.4	69.2	57.1	54.5	72.7	0	0	33.3	33.3	0	20
C1	GCA_002007905	75	0	20	12.5	0	66.7	0	0	75	66.7	12.5	33.3	50	100	83.3	100	100	100	75	22.2	0	100	100	100	57.1	58.3	50	0	0	0	0	0	0	11.1	0	100	66.7	40	100	0	0	0	0	33.3	26.3	60	42.9	71.4	69.2	57.1	63.6	72.7	40	50	33.3	33.3	0	40
C1	GCA_002021775	75	0	20	12.5	33.3	66.7	0	0	75	66.7	12.5	40	50	100	83.3	100	80	100	75	11.1	0	100	100	100	42.9	58.3	50	0	0	0	0	0	0	11.1	0	100	66.7	40	100	0	0	0	0	33.3	26.3	60	42.9	71.4	69.2	57.1	54.5	72.7	0	0	33.3	33.3	0	20
C1	GCA_002024205	75	0	20	12.5	33.3	66.7	0	0	75	66.7	12.5	46.7	50	100	83.3	100	80	100	75	11.1	0	100	100	100	42.9	58.3	50	0	0	0	0	0	0	11.1	0	100	66.7	40	100	0	0	0	0	33.3	26.3	60	42.9	71.4	69.2	57.1	54.5	72.7	0	0	33.3	33.3	0	20
C1	GCA_002024225	75	0	20	12.5	33.3	66.7	0	0	75	66.7	12.5	46.7	50	100	83.3	100	80	100	75	11.1	0	100	100	100	42.9	58.3	50	0	0	0	0	0	0	11.1	0	100	66.7	40	100	0	0	0	0	33.3	26.3	60	42.9	71.4	69.2	57.1	54.5	72.7	0	0	33.3	33.3	0	20
C1	GCA_002028285	75	0	20	12.5	33.3	66.7	0	0	75	66.7	12.5	46.7	50	100	83.3	100	80	100	75	11.1	0	100	100	100	42.9	58.3	50	0	0	0	0	0	0	11.1	0	100	66.7	40	100	0	0	0	0	33.3	26.3	60	42.9	71.4	69.2	57.1	54.5	72.7	0	0	33.3	33.3	0	20
C1	GCA_002148365	75	33.3	80	50	33.3	66.7	50	0	75	66.7	12.5	53.3	66.7	100	83.3	100	80	100	100	22.2	50	100	100	100	57.1	75	50	0	0	0	0	0	0	66.7	11.1	100	66.7	40	100	0	100	0	45.5	66.7	26.3	80	78.6	100	73.1	57.1	72.7	72.7	20	25	33.3	33.3	0	100
C1	GCA_002356375	75	0	20	12.5	0	66.7	0	0	75	66.7	12.5	40	50	100	83.3	100	100	100	75	22.2	0	100	100	100	57.1	58.3	50	0	0	0	0	0	0	11.1	0	100	66.7	40	100	0	0	0	0	33.3	26.3	60	35.7	71.4	69.2	57.1	54.5	72.7	40	50	33.3	33.3	0	20
C1	GCA_002699125	75	100	60	50	66.7	66.7	50	25	75	100	12.5	60	100	100	100	100	100	100	100	33.3	50	100	100	100	85.7	58.3	66.7	0	0	0	0	0	0	66.7	33.3	87.5	66.7	40	50	0	100	40	45.5	66.7	31.6	60	85.7	85.7	73.1	57.1	72.7	90.9	20	25	33.3	33.3	0	100
C1	GCA_002699585	75	100	60	37.5	66.7	66.7	0	0	75	66.7	12.5	53.3	66.7	100	100	100	60	100	75	22.2	50	100	100	100	42.9	66.7	66.7	0	0	0	0	0	0	66.7	22.2	87.5	66.7	40	100	20	100	40	54.5	66.7	31.6	80	71.4	100	73.1	57.1	63.6	90.9	20	25	33.3	33.3	0	80
C1	GCA_002702065	75	100	60	50	66.7	66.7	0	0	75	66.7	12.5	60	66.7	100	100	100	60	100	75	22.2	50	100	100	100	57.1	75	50	0	0	0	0	0	0	66.7	22.2	87.5	66.7	40	100	20	100	40	54.5	66.7	31.6	80	71.4	100	73.1	57.1	63.6	81.8	20	25	33.3	33.3	0	80
C1	GCA_002702705	75	33.3	40	50	33.3	66.7	0	25	75	66.7	12.5	53.3	16.7	100	100	100	40	100	75	22.2	50	100	100	100	28.6	66.7	66.7	0	0	0	0	0	0	77.8	22.2	87.5	66.7	40	100	0	100	40	45.5	66.7	31.6	80	64.3	71.4	73.1	57.1	72.7	90.9	20	25	33.3	33.3	0	60
C1	GCA_002840755	75	33.3	40	50	33.3	66.7	0	25	75	66.7	12.5	60	66.7	100	100	100	80	100	75	22.2	50	100	100	100	42.9	75	66.7	0	0	0	0	0	0	55.6	22.2	100	66.7	40	100	0	100	40	45.5	66.7	31.6	60	64.3	71.4	73.1	57.1	72.7	90.9	20	25	33.3	33.3	0	60
C1	GCA_002842015	75	33.3	40	12.5	33.3	66.7	0	25	75	100	12.5	46.7	66.7	100	83.3	100	100	100	75	22.2	50	100	100	100	57.1	75	50	0	0	0	0	0	0	33.3	22.2	100	77.8	60	100	0	0	20	18.2	44.4	26.3	80	71.4	71.4	73.1	57.1	72.7	90.9	20	25	33.3	33.3	0	60
C1	GCA_002861625	75	33.3	60	50	66.7	66.7	0	0	100	66.7	12.5	46.7	83.3	100	83.3	100	60	100	75	22.2	50	100	100	100	28.6	75	66.7	0	0	0	0	0	0	66.7	11.1	87.5	66.7	40	100	0	100	0	45.5	77.8	31.6	60	71.4	100	76.9	71.4	72.7	72.7	20	25	33.3	33.3	0	80
C1	GCA_002919155	75	0	20	37.5	66.7	33.3	0	25	100	66.7	12.5	40	33.3	100	83.3	100	80	83.3	75	33.3	50	100	100	100	71.4	66.7	66.7	0	0	0	0	0	0	44.4	11.1	50	33.3	40	100	0	100	0	45.5	77.8	31.6	60	78.6	71.4	76.9	71.4	81.8	72.7	20	25	33.3	33.3	0	60
C1	GCA_003205875	75	100	60	50	66.7	66.7	50	0	75	66.7	12.5	60	66.7	80	83.3	100	60	83.3	75	11.1	50	100	100	100	42.9	58.3	66.7	0	0	0	0	0	0	66.7	11.1	87.5	66.7	40	100	0	100	0	45.5	77.8	31.6	60	85.7	100	76.9	71.4	81.8	72.7	20	25	33.3	33.3	0	100
C1	GCA_003253565	75	100	60	25	66.7	33.3	0	0	75	66.7	12.5	53.3	50	100	100	100	60	83.3	75	33.3	50	100	100	100	71.4	58.3	83.3	0	0	0	0	0	0	66.7	0	100	66.7	40	100	0	50	0	36.4	55.6	31.6	60	92.9	100	73.1	57.1	72.7	72.7	20	25	33.3	33.3	0	100
C1	GCA_003451595	75	100	80	50	33.3	66.7	0	25	75	66.7	12.5	53.3	100	100	100	100	80	100	75	22.2	50	100	100	100	57.1	66.7	50	0	0	0	0	0	0	66.7	22.2	100	66.7	40	100	0	100	40	45.5	66.7	31.6	80	78.6	100	69.2	57.1	72.7	72.7	20	25	33.3	33.3	0	100
C1	GCA_003520455	75	100	60	50	33.3	66.7	0	25	100	66.7	12.5	60	83.3	100	100	100	100	100	75	33.3	50	100	100	100	85.7	75	66.7	0	0	0	0	0	0	66.7	22.2	100	66.7	40	100	0	100	20	45.5	88.9	42.1	60	92.9	100	80.8	85.7	90.9	81.8	20	25	33.3	33.3	0	100
C1	GCA_003526995	50	100	60	12.5	66.7	66.7	50	25	75	66.7	12.5	46.7	66.7	100	100	100	100	100	75	33.3	50	100	100	100	71.4	66.7	66.7	0	0	0	0	0	0	44.4	11.1	100	66.7	40	100	0	0	0	9.1	44.4	31.6	60	85.7	100	69.2	57.1	63.6	72.7	20	25	33.3	33.3	0	80
C1	GCA_003530715	75	100	60	37.5	66.7	66.7	50	25	75	66.7	12.5	40	100	100	83.3	100	100	100	75	55.6	50	100	100	100	71.4	58.3	66.7	0	0	0	0	0	0	66.7	0	100	66.7	40	100	0	100	0	45.5	66.7	26.3	60	85.7	100	73.1	57.1	63.6	72.7	20	25	33.3	33.3	0	80
C1	GCA_003530725	75	66.7	60	37.5	66.7	33.3	50	25	75	66.7	12.5	53.3	50	100	100	100	40	83.3	75	11.1	50	100	100	100	57.1	75	66.7	0	0	0	0	0	0	55.6	22.2	100	66.7	40	100	0	50	0	27.3	66.7	31.6	60	78.6	100	73.1	57.1	63.6	72.7	20	25	33.3	33.3	0	60
C1	GCA_003569045	75	33.3	20	50	33.3	66.7	0	25	100	66.7	12.5	53.3	66.7	100	83.3	100	100	100	75	22.2	50	100	100	100	57.1	58.3	66.7	0	0	0	0	0	0	55.6	22.2	100	66.7	40	100	0	100	20	45.5	88.9	36.8	60	71.4	71.4	80.8	85.7	90.9	72.7	20	25	33.3	33.3	0	60
C1	GCA_003577005	75	33.3	60	37.5	66.7	66.7	0	25	75	100	12.5	53.3	83.3	100	83.3	100	80	100	100	22.2	50	100	100	100	71.4	75	66.7	0	0	0	0	0	0	66.7	33.3	100	66.7	40	100	20	100	40	54.5	66.7	26.3	80	85.7	100	73.1	57.1	72.7	81.8	20	25	33.3	33.3	0	100
C1	GCA_003577365	75	33.3	60	50	33.3	66.7	0	0	100	66.7	12.5	53.3	83.3	100	100	100	80	100	100	22.2	50	100	100	100	57.1	75	66.7	0	0	0	0	0	0	66.7	22.2	75	55.6	40	100	0	100	40	45.5	88.9	42.1	100	85.7	100	80.8	85.7	90.9	81.8	20	25	33.3	33.3	0	100
C1	GCA_003648075	75	100	20	25	33.3	66.7	0	25	100	100	12.5	60	66.7	100	83.3	100	100	100	75	22.2	25	100	100	100	42.9	75	50	0	0	0	0	0	0	11.1	11.1	62.5	33.3	40	100	0	0	20	9.1	55.6	31.6	60	64.3	71.4	69.2	71.4	81.8	81.8	20	25	33.3	33.3	0	40
C1	GCA_003694735	75	33.3	60	37.5	33.3	66.7	0	0	75	66.7	12.5	46.7	100	100	100	100	80	100	75	11.1	50	100	100	100	42.9	75	50	0	0	0	0	0	0	55.6	0	100	66.7	40	100	0	50	40	36.4	66.7	31.6	60	78.6	100	73.1	57.1	72.7	72.7	20	25	33.3	33.3	0	100
C1	GCA_003694905	75	33.3	80	50	33.3	66.7	0	25	75	100	12.5	40	66.7	100	100	100	60	100	75	22.2	50	100	100	100	28.6	66.7	50	0	0	0	0	0	0	66.7	11.1	100	66.7	40	100	0	50	40	36.4	66.7	31.6	60	71.4	100	73.1	57.1	72.7	81.8	20	25	33.3	33.3	0	100
C1	GCA_003695385	75	100	80	37.5	33.3	66.7	50	25	100	100	12.5	46.7	50	100	100	100	40	100	75	11.1	50	100	100	100	28.6	66.7	66.7	0	0	0	0	0	0	66.7	11.1	87.5	55.6	40	100	0	100	40	45.5	77.8	36.8	60	64.3	100	76.9	71.4	72.7	72.7	20	25	33.3	33.3	0	80
C1	GCA_003697425	75	66.7	40	50	0	66.7	0	25	75	100	12.5	40	16.7	100	100	100	40	100	75	11.1	50	100	100	100	28.6	66.7	50	0	0	0	0	0	0	44.4	11.1	62.5	33.3	40	100	0	50	40	36.4	66.7	31.6	60	35.7	71.4	53.8	57.1	54.5	81.8	20	25	33.3	33.3	0	20
C1	GCA_003819735	50	66.7	20	50	33.3	66.7	0	25	75	100	12.5	53.3	50	100	83.3	100	60	100	75	22.2	50	100	100	100	42.9	66.7	66.7	0	0	0	0	0	0	66.7	11.1	100	66.7	40	100	0	100	40	45.5	66.7	26.3	80	57.1	71.4	73.1	57.1	72.7	90.9	20	25	33.3	33.3	0	60
C1	GCA_003820065	50	66.7	80	37.5	33.3	66.7	0	25	75	100	12.5	53.3	83.3	100	100	100	80	100	75	33.3	50	100	100	100	57.1	66.7	66.7	0	0	0	0	0	0	66.7	11.1	87.5	55.6	20	50	0	100	40	45.5	77.8	36.8	80	78.6	85.7	76.9	71.4	81.8	90.9	20	25	33.3	33.3	0	100
C1	GCA_003820075	50	0	60	50	33.3	66.7	0	25	100	100	12.5	46.7	66.7	100	100	100	60	100	100	33.3	50	100	66.7	100	71.4	58.3	50	0	0	0	0	0	0	55.6	44.4	100	66.7	40	100	0	100	40	45.5	66.7	31.6	80	85.7	100	46.2	57.1	63.6	81.8	20	25	33.3	33.3	0	80
C1	GCA_003820175	75	100	80	50	33.3	66.7	50	25	100	100	12.5	60	83.3	100	100	100	80	100	75	33.3	50	100	100	100	85.7	66.7	50	0	0	0	0	0	0	66.7	33.3	100	66.7	40	100	0	100	40	45.5	77.8	36.8	80	85.7	100	76.9	71.4	72.7	90.9	20	25	33.3	33.3	0	80
C1	GCA_003966975	50	33.3	20	12.5	33.3	66.7	0	25	50	100	12.5	46.7	66.7	60	66.7	100	100	66.7	50	22.2	50	100	100	100	42.9	75	66.7	0	0	0	0	0	0	0	44.4	100	66.7	40	100	0	0	0	0	22.2	21.1	40	64.3	57.1	38.5	42.9	54.5	63.6	20	25	33.3	33.3	0	40
C1	GCA_003967515	75	100	60	25	66.7	66.7	50	25	75	66.7	12.5	66.7	100	100	100	100	100	100	75	22.2	50	100	100	100	71.4	58.3	66.7	0	0	0	0	0	0	66.7	33.3	100	66.7	40	100	0	50	0	36.4	55.6	31.6	60	92.9	100	73.1	57.1	72.7	72.7	20	25	33.3	33.3	0	100
C1	GCA_003967535	75	100	60	25	66.7	66.7	50	0	75	66.7	12.5	60	66.7	100	83.3	100	80	100	75	22.2	50	100	100	100	71.4	66.7	66.7	0	0	0	0	0	0	66.7	11.1	100	66.7	40	100	0	50	0	36.4	55.6	26.3	60	92.9	100	73.1	57.1	72.7	72.7	20	25	33.3	33.3	0	100
C1	GCA_003967555	75	100	60	25	66.7	66.7	50	25	75	66.7	12.5	53.3	66.7	100	100	100	80	100	75	22.2	50	100	100	100	57.1	58.3	66.7	0	0	0	0	0	0	66.7	11.1	100	66.7	40	100	0	50	0	36.4	55.6	31.6	60	85.7	100	73.1	57.1	63.6	72.7	20	25	33.3	33.3	0	80
C1	GCA_003967575	75	100	60	25	66.7	66.7	50	25	75	66.7	12.5	60	100	100	83.3	100	100	100	75	22.2	50	100	100	100	71.4	58.3	83.3	0	0	0	0	0	0	66.7	33.3	100	66.7	40	100	0	50	0	36.4	55.6	26.3	60	85.7	100	73.1	57.1	63.6	72.7	20	25	33.3	33.3	0	80
C1	GCA_004138165	75	100	20	50	33.3	66.7	0	25	75	100	37.5	46.7	66.7	100	83.3	100	80	100	75	11.1	50	100	100	100	57.1	66.7	66.7	0	0	0	0	0	0	55.6	22.2	100	66.7	40	100	0	50	0	36.4	66.7	26.3	60	64.3	71.4	73.1	57.1	72.7	63.6	40	50	33.3	33.3	0	60
C1	GCA_004138175	75	33.3	20	50	33.3	33.3	0	25	100	100	37.5	40	66.7	100	100	100	100	83.3	100	44.4	50	100	100	100	57.1	58.3	50	0	0	0	0	0	0	66.7	22.2	100	66.7	40	100	0	100	20	45.5	77.8	36.8	60	71.4	71.4	76.9	71.4	81.8	72.7	40	50	33.3	33.3	0	60
C1	GCA_004208415	75	100	60	25	66.7	66.7	50	0	75	66.7	12.5	60	66.7	100	100	100	80	100	75	33.3	50	100	100	100	85.7	66.7	83.3	0	0	0	0	0	0	66.7	11.1	100	66.7	40	100	0	50	0	36.4	55.6	31.6	60	92.9	100	73.1	57.1	72.7	72.7	20	25	33.3	33.3	0	100
C1	GCA_004297765	75	0	60	37.5	0	66.7	50	50	100	100	12.5	53.3	100	100	100	100	100	100	100	33.3	50	100	100	100	71.4	66.7	66.7	0	0	0	0	0	0	77.8	11.1	100	66.7	40	100	0	100	40	45.5	88.9	42.1	60	78.6	100	80.8	85.7	90.9	81.8	40	50	33.3	33.3	0	100
C1	GCA_004377365	75	100	20	37.5	0	66.7	0	50	100	100	12.5	60	66.7	100	100	0	100	100	100	22.2	25	100	100	100	71.4	66.7	50	0	0	0	0	0	0	66.7	0	75	44.4	40	100	0	50	40	27.3	66.7	36.8	60	64.3	71.4	73.1	71.4	81.8	81.8	20	25	33.3	33.3	0	40
C1	GCA_004525275	75	33.3	20	25	33.3	33.3	0	25	25	66.7	12.5	60	50	60	66.7	100	100	50	50	33.3	50	100	100	100	71.4	58.3	50	0	0	0	0	0	0	11.1	11.1	37.5	22.2	40	50	0	0	0	0	22.2	21.1	60	57.1	57.1	53.8	42.9	54.5	72.7	20	25	33.3	33.3	0	40
C1	GCA_004684285	75	0	20	12.5	33.3	66.7	0	0	75	66.7	12.5	46.7	50	100	83.3	100	80	100	75	11.1	0	100	100	100	42.9	58.3	50	0	0	0	0	0	0	11.1	0	100	66.7	40	100	0	0	0	0	33.3	26.3	60	42.9	71.4	69.2	57.1	54.5	72.7	0	0	33.3	33.3	0	20
C1	GCA_004762035	75	100	20	50	33.3	33.3	0	25	100	100	37.5	40	66.7	100	83.3	100	80	83.3	75	11.1	50	100	100	100	57.1	66.7	66.7	0	0	0	0	0	0	55.6	33.3	100	66.7	40	100	0	50	0	36.4	66.7	26.3	60	64.3	71.4	73.1	57.1	72.7	63.6	40	50	33.3	33.3	0	60
C1	GCA_005402645	75	100	60	25	66.7	33.3	0	0	75	66.7	12.5	53.3	50	100	100	100	60	83.3	75	33.3	50	100	100	100	71.4	58.3	83.3	0	0	0	0	0	0	66.7	0	100	66.7	40	100	0	50	0	36.4	55.6	31.6	60	92.9	100	73.1	57.1	72.7	72.7	20	25	33.3	33.3	0	100
C1	GCA_005880175	75	100	60	12.5	66.7	66.7	0	25	75	66.7	12.5	60	100	100	100	100	100	100	75	33.3	50	100	100	100	85.7	66.7	83.3	0	0	0	0	0	0	44.4	22.2	87.5	66.7	40	100	0	50	0	27.3	44.4	31.6	60	92.9	100	61.5	57.1	72.7	72.7	20	25	33.3	33.3	0	100
C1	GCA_005880275	75	100	60	37.5	66.7	33.3	0	0	75	66.7	12.5	40	66.7	100	83.3	100	60	83.3	75	55.6	50	100	100	100	85.7	66.7	66.7	0	0	0	0	0	0	66.7	44.4	100	66.7	40	100	0	100	0	45.5	66.7	26.3	60	85.7	100	73.1	57.1	63.6	72.7	20	25	33.3	33.3	0	80
C1	GCA_005880415	75	100	20	37.5	66.7	66.7	50	0	100	66.7	12.5	46.7	33.3	100	100	100	80	100	75	55.6	50	100	100	100	71.4	66.7	66.7	0	0	0	0	0	0	55.6	11.1	87.5	66.7	40	100	60	100	60	72.7	77.8	36.8	60	78.6	71.4	76.9	71.4	81.8	72.7	20	25	33.3	33.3	66.7	60
C1	GCA_005881495	75	100	60	37.5	66.7	33.3	50	25	50	66.7	12.5	46.7	83.3	80	83.3	100	100	66.7	75	66.7	50	100	100	100	85.7	66.7	66.7	0	0	0	0	0	0	66.7	22.2	100	66.7	40	100	0	100	0	45.5	66.7	26.3	60	92.9	100	73.1	57.1	72.7	72.7	20	25	33.3	33.3	0	100
C1	GCA_005883405	75	66.7	60	37.5	66.7	66.7	0	0	100	66.7	12.5	53.3	83.3	100	83.3	100	80	100	75	33.3	50	100	100	100	71.4	66.7	66.7	0	0	0	0	0	0	66.7	11.1	87.5	66.7	40	100	60	100	60	72.7	77.8	31.6	60	92.9	100	76.9	71.4	81.8	72.7	20	25	33.3	33.3	66.7	100
C1	GCA_006569185	75	33.3	80	50	33.3	66.7	50	25	75	66.7	12.5	53.3	66.7	100	83.3	100	80	100	100	22.2	50	100	100	100	57.1	75	50	0	0	0	0	0	0	66.7	11.1	100	66.7	40	100	0	100	20	45.5	66.7	26.3	80	78.6	100	73.1	57.1	72.7	72.7	20	25	33.3	33.3	0	100
C1	GCA_007119695	75	0	20	37.5	66.7	66.7	0	25	75	100	12.5	33.3	16.7	100	66.7	100	20	100	75	11.1	50	100	100	100	28.6	66.7	66.7	0	0	0	0	0	0	55.6	11.1	37.5	22.2	0	0	0	100	0	45.5	66.7	21.1	60	42.9	42.9	73.1	57.1	63.6	63.6	20	25	33.3	33.3	0	40
C1	GCA_007121395	75	0	20	37.5	33.3	33.3	0	25	75	66.7	12.5	46.7	0	100	66.7	100	20	83.3	75	11.1	50	100	100	100	28.6	66.7	66.7	0	0	0	0	0	0	55.6	11.1	62.5	33.3	0	0	0	100	0	45.5	66.7	21.1	60	35.7	42.9	69.2	57.1	63.6	54.5	20	25	33.3	33.3	0	40
C1	GCA_007122555	75	0	20	37.5	33.3	66.7	0	25	100	100	12.5	46.7	33.3	100	66.7	100	40	100	75	11.1	50	100	100	100	42.9	75	66.7	0	0	0	0	0	0	55.6	44.4	62.5	33.3	40	100	0	100	0	45.5	77.8	26.3	60	64.3	71.4	69.2	71.4	81.8	63.6	20	25	33.3	33.3	0	60
C1	GCA_007123655	75	0	20	37.5	66.7	66.7	0	0	100	100	12.5	33.3	16.7	100	83.3	100	20	100	100	22.2	50	100	100	100	42.9	66.7	66.7	0	0	0	0	0	0	44.4	11.1	75	55.6	40	100	0	100	0	45.5	77.8	31.6	60	64.3	71.4	69.2	71.4	81.8	63.6	20	25	33.3	33.3	0	60
C1	GCA_007124015	75	0	20	37.5	66.7	66.7	0	25	100	100	12.5	46.7	33.3	100	83.3	100	20	100	75	11.1	50	100	100	100	42.9	66.7	66.7	0	0	0	0	0	0	55.6	33.3	100	66.7	40	100	0	100	0	45.5	77.8	31.6	60	71.4	71.4	53.8	71.4	81.8	72.7	20	25	33.3	33.3	0	60
C1	GCA_007124395	75	0	20	37.5	66.7	33.3	0	25	75	66.7	12.5	40	16.7	100	83.3	100	20	83.3	75	11.1	50	100	100	100	28.6	66.7	66.7	0	0	0	0	0	0	55.6	11.1	62.5	33.3	0	0	0	100	0	45.5	66.7	26.3	60	50	42.9	69.2	57.1	72.7	72.7	20	25	33.3	33.3	0	60
C1	GCA_007133545	75	0	20	37.5	66.7	33.3	0	25	75	66.7	12.5	53.3	16.7	100	83.3	100	60	83.3	75	22.2	50	100	100	100	57.1	66.7	66.7	0	0	0	0	0	0	55.6	33.3	75	44.4	0	0	0	100	0	45.5	66.7	26.3	60	57.1	42.9	69.2	57.1	63.6	72.7	20	25	33.3	33.3	0	40
C1	GCA_007133615	75	0	20	37.5	66.7	66.7	0	25	75	100	12.5	46.7	33.3	100	66.7	100	40	100	75	11.1	50	100	100	100	42.9	66.7	66.7	0	0	0	0	0	0	55.6	33.3	100	66.7	40	100	0	100	0	45.5	66.7	21.1	60	71.4	71.4	73.1	57.1	72.7	63.6	20	25	33.3	33.3	0	60
C1	GCA_008011965	75	0	80	37.5	33.3	66.7	0	50	100	66.7	12.5	46.7	50	100	100	100	80	100	75	44.4	50	100	100	100	71.4	66.7	83.3	0	0	0	0	0	0	44.4	0	100	66.7	40	100	20	100	40	54.5	88.9	42.1	80	64.3	100	57.7	85.7	81.8	81.8	20	25	33.3	33.3	33.3	80
C1	GCA_008326305	75	100	60	25	66.7	33.3	50	25	75	66.7	12.5	40	66.7	100	100	100	60	83.3	75	11.1	50	100	100	100	57.1	58.3	83.3	0	0	0	0	0	0	66.7	22.2	100	66.7	40	100	0	0	0	27.3	55.6	31.6	60	85.7	100	73.1	57.1	72.7	72.7	20	25	33.3	33.3	0	100
C1	GCA_008501685	75	100	40	37.5	66.7	66.7	0	25	100	100	12.5	53.3	50	100	100	100	80	100	100	22.2	50	100	100	100	42.9	66.7	50	0	0	0	0	0	0	66.7	33.3	100	66.7	40	100	0	100	40	45.5	88.9	42.1	60	71.4	71.4	80.8	85.7	81.8	90.9	20	25	33.3	33.3	0	40
C1	GCA_008501785	75	66.7	80	50	33.3	66.7	50	25	75	100	0	53.3	100	100	100	100	100	100	75	22.2	50	100	100	100	71.4	75	66.7	0	0	0	0	0	0	66.7	22.2	62.5	55.6	40	50	0	100	40	45.5	66.7	31.6	60	78.6	85.7	73.1	57.1	72.7	90.9	20	25	33.3	33.3	0	100
C1	GCA_008838325	75	0	60	37.5	33.3	33.3	0	0	75	66.7	12.5	46.7	83.3	80	83.3	100	80	66.7	100	22.2	50	100	100	100	85.7	66.7	50	0	0	0	0	0	0	66.7	22.2	100	66.7	40	100	0	100	0	45.5	77.8	31.6	60	78.6	100	76.9	71.4	72.7	72.7	20	25	33.3	33.3	0	80
C1	GCA_008974265	75	100	60	25	66.7	33.3	50	25	75	66.7	12.5	60	100	100	83.3	100	80	83.3	75	11.1	50	100	100	100	57.1	58.3	83.3	0	0	0	0	0	0	55.6	22.2	100	66.7	40	100	0	50	0	36.4	55.6	26.3	60	78.6	100	73.1	57.1	63.6	72.7	20	25	33.3	33.3	0	80
C1	GCA_009268125	75	100	60	50	33.3	33.3	50	25	75	66.7	12.5	60	66.7	100	83.3	100	40	83.3	75	22.2	50	100	100	100	42.9	58.3	66.7	0	0	0	0	0	0	44.4	11.1	87.5	66.7	40	100	0	100	0	45.5	66.7	26.3	60	71.4	100	73.1	57.1	72.7	72.7	40	50	33.3	33.3	0	100
C1	GCA_009389605	75	100	60	50	66.7	66.7	50	25	100	66.7	12.5	53.3	83.3	100	83.3	100	60	100	75	22.2	50	100	100	100	57.1	75	66.7	0	0	0	0	0	0	66.7	22.2	100	66.7	40	100	0	100	20	45.5	100	42.1	80	78.6	100	84.6	100	100	81.8	40	50	33.3	33.3	0	100
C1	GCA_009929835	75	100	40	50	33.3	66.7	0	25	75	100	25	46.7	50	80	83.3	100	100	83.3	75	22.2	50	100	100	100	71.4	66.7	66.7	0	0	0	0	0	0	55.6	22.2	100	66.7	40	100	0	50	20	36.4	66.7	26.3	60	71.4	71.4	69.2	57.1	72.7	72.7	40	50	33.3	33.3	0	60
C1	GCA_009937635	75	100	40	50	66.7	66.7	50	25	75	100	12.5	53.3	66.7	100	100	100	100	100	75	33.3	50	100	100	100	71.4	75	66.7	0	0	0	0	0	0	66.7	11.1	100	66.7	40	100	0	100	40	45.5	66.7	31.6	60	78.6	71.4	73.1	57.1	72.7	81.8	20	25	33.3	33.3	0	60
C1	GCA_010092855	75	100	20	50	33.3	66.7	0	25	75	100	12.5	46.7	66.7	100	100	100	100	100	75	22.2	25	100	66.7	100	57.1	50	66.7	0	0	0	0	0	0	66.7	0	100	66.7	40	100	20	50	40	45.5	66.7	31.6	60	71.4	71.4	73.1	57.1	72.7	72.7	40	50	33.3	33.3	0	60
C1	GCA_011047935	75	0	20	37.5	66.7	33.3	0	25	75	66.7	12.5	40	66.7	100	83.3	100	100	83.3	75	33.3	50	100	100	100	71.4	66.7	50	0	0	0	0	0	0	44.4	11.1	87.5	66.7	40	100	0	100	0	45.5	66.7	26.3	60	64.3	71.4	73.1	57.1	63.6	72.7	20	25	33.3	33.3	0	40
C1	GCA_011054015	75	0	20	37.5	66.7	33.3	0	25	75	66.7	12.5	40	66.7	100	83.3	100	100	83.3	75	33.3	50	100	100	100	71.4	66.7	50	0	0	0	0	0	0	44.4	11.1	87.5	66.7	40	100	0	100	0	45.5	66.7	26.3	60	64.3	71.4	73.1	57.1	63.6	72.7	20	25	33.3	33.3	0	40
C1	GCA_011058335	75	0	20	37.5	66.7	33.3	0	25	75	66.7	12.5	40	66.7	100	83.3	100	100	83.3	75	33.3	50	100	100	100	71.4	66.7	50	0	0	0	0	0	0	44.4	11.1	87.5	66.7	40	100	0	100	0	45.5	66.7	26.3	60	64.3	71.4	73.1	57.1	63.6	72.7	20	25	33.3	33.3	0	40
C1	GCA_011176545	75	100	60	37.5	66.7	66.7	0	25	100	100	12.5	53.3	83.3	100	100	100	80	100	75	22.2	50	100	100	100	57.1	75	50	0	0	0	0	0	0	66.7	11.1	100	66.7	40	100	0	50	40	27.3	66.7	36.8	60	85.7	100	73.1	71.4	81.8	81.8	20	25	33.3	33.3	0	80
C1	GCA_011176555	75	33.3	20	50	33.3	66.7	0	25	100	100	12.5	46.7	66.7	100	100	100	100	100	75	22.2	50	100	100	100	57.1	66.7	66.7	0	0	0	0	0	0	44.4	11.1	62.5	33.3	40	100	0	100	40	45.5	77.8	36.8	80	64.3	71.4	76.9	71.4	81.8	81.8	20	25	33.3	33.3	0	40
C1	GCA_011192085	75	66.7	40	37.5	0	33.3	0	25	50	100	0	53.3	33.3	80	83.3	100	60	66.7	50	11.1	50	100	100	100	14.3	66.7	66.7	0	0	0	0	0	0	44.4	0	100	66.7	40	100	0	100	0	45.5	55.6	26.3	60	42.9	71.4	69.2	42.9	63.6	63.6	20	25	33.3	33.3	0	40
C1	GCA_011367365	75	33.3	40	50	33.3	66.7	0	25	75	100	12.5	60	33.3	100	100	100	60	100	100	22.2	50	100	100	100	28.6	66.7	66.7	0	0	0	0	0	0	55.6	22.2	100	66.7	40	100	0	100	20	45.5	66.7	31.6	80	64.3	71.4	73.1	57.1	72.7	81.8	20	25	33.3	33.3	0	60
C1	GCA_011370265	75	100	60	50	33.3	66.7	0	25	75	66.7	12.5	60	83.3	100	100	100	80	100	100	22.2	50	100	100	100	71.4	66.7	66.7	0	0	0	0	0	0	66.7	11.1	100	77.8	60	100	0	100	40	45.5	66.7	31.6	80	78.6	100	73.1	57.1	72.7	81.8	20	25	33.3	33.3	0	100
C1	GCA_011373545	50	0	20	25	66.7	33.3	0	25	75	100	12.5	26.7	66.7	100	83.3	100	100	83.3	75	33.3	50	100	100	100	57.1	58.3	66.7	0	0	0	0	0	0	44.4	11.1	50	33.3	20	50	0	50	0	36.4	55.6	26.3	60	57.1	57.1	61.5	57.1	63.6	72.7	0	0	33.3	33.3	0	40
C1	GCA_011389075	75	100	60	37.5	66.7	33.3	50	25	75	66.7	12.5	60	83.3	100	100	100	100	83.3	75	55.6	50	100	100	100	57.1	75	66.7	0	0	0	0	0	0	66.7	11.1	100	66.7	40	100	0	50	0	36.4	55.6	31.6	60	85.7	100	73.1	57.1	63.6	72.7	20	25	33.3	33.3	0	80
C1	GCA_011771555	75	66.7	40	50	33.3	66.7	50	25	100	100	12.5	60	66.7	100	100	100	100	100	75	33.3	50	100	100	100	71.4	66.7	50	0	0	0	0	0	0	33.3	22.2	75	44.4	40	100	0	50	20	18.2	66.7	42.1	80	71.4	71.4	53.8	71.4	72.7	72.7	20	25	33.3	33.3	0	40
C1	GCA_011771845	75	66.7	40	37.5	33.3	66.7	0	25	100	100	12.5	53.3	66.7	100	100	100	100	100	75	33.3	50	100	100	100	71.4	66.7	50	0	0	0	0	0	0	33.3	22.2	87.5	55.6	40	100	0	0	40	9.1	55.6	36.8	80	71.4	71.4	69.2	71.4	72.7	81.8	20	25	33.3	33.3	0	40
C1	GCA_011772595	75	0	80	37.5	66.7	66.7	50	25	100	100	12.5	53.3	50	100	100	100	40	100	75	22.2	50	100	100	100	28.6	75	50	0	0	0	0	0	0	66.7	22.2	75	44.4	40	100	0	100	40	45.5	77.8	36.8	60	78.6	100	76.9	71.4	81.8	81.8	20	25	33.3	33.3	0	100
C1	GCA_011773025	75	66.7	40	50	33.3	66.7	0	25	100	100	12.5	53.3	66.7	100	100	100	100	100	75	33.3	50	100	100	100	71.4	66.7	50	0	0	0	0	0	0	22.2	22.2	87.5	55.6	40	100	0	50	40	18.2	66.7	36.8	80	71.4	71.4	53.8	71.4	72.7	81.8	20	25	33.3	33.3	0	40
C1	GCA_011773525	75	100	60	50	33.3	66.7	50	50	75	100	12.5	40	100	100	100	100	100	100	100	33.3	50	100	100	100	71.4	66.7	50	0	0	0	0	0	0	22.2	44.4	50	22.2	0	0	0	50	20	18.2	55.6	31.6	60	71.4	71.4	69.2	57.1	72.7	72.7	20	25	33.3	33.3	0	80
C1	GCA_011776005	75	33.3	20	50	33.3	100	50	25	100	100	12.5	53.3	66.7	100	100	100	100	100	75	22.2	25	100	100	100	71.4	75	66.7	0	0	0	0	0	0	66.7	22.2	62.5	33.3	40	100	0	50	40	36.4	77.8	36.8	60	71.4	71.4	76.9	71.4	81.8	90.9	40	50	33.3	33.3	0	60
C1	GCA_012032575	75	33.3	20	50	33.3	66.7	50	25	75	66.7	37.5	53.3	50	100	100	100	80	100	75	11.1	50	100	100	100	71.4	75	66.7	0	0	0	0	0	0	66.7	11.1	87.5	66.7	40	50	0	50	20	36.4	66.7	31.6	60	57.1	57.1	73.1	57.1	72.7	72.7	40	50	33.3	33.3	0	60
C1	GCA_012032775	75	100	20	50	66.7	66.7	0	25	100	66.7	37.5	40	33.3	100	100	100	60	100	75	22.2	50	100	100	100	42.9	58.3	50	0	0	0	0	0	0	44.4	11.1	100	66.7	40	100	0	100	20	45.5	66.7	31.6	60	64.3	71.4	73.1	57.1	72.7	81.8	40	50	33.3	33.3	0	60
C1	GCA_012033395	75	33.3	80	62.5	0	66.7	0	25	75	66.7	0	66.7	83.3	100	83.3	100	80	100	75	22.2	25	100	100	100	42.9	75	50	0	0	0	0	0	0	33.3	11.1	62.5	33.3	40	100	0	50	0	36.4	66.7	26.3	60	64.3	100	38.5	57.1	63.6	81.8	20	25	33.3	33.3	0	60
C1	GCA_012514775	75	100	20	50	33.3	66.7	50	0	100	100	12.5	60	50	100	100	100	80	100	75	22.2	25	100	100	100	71.4	75	66.7	0	0	0	0	0	0	55.6	33.3	87.5	55.6	40	100	0	100	20	45.5	77.8	36.8	60	71.4	71.4	76.9	71.4	81.8	81.8	20	25	33.3	33.3	0	60
C1	GCA_012515245	75	33.3	20	37.5	33.3	66.7	0	25	100	100	12.5	53.3	66.7	100	83.3	100	100	100	75	22.2	25	100	100	100	57.1	75	66.7	0	0	0	0	0	0	55.6	0	100	66.7	40	100	0	100	20	45.5	88.9	36.8	60	78.6	71.4	80.8	85.7	90.9	72.7	20	25	33.3	33.3	0	60
C1	GCA_012840685	75	100	80	50	33.3	66.7	0	25	75	66.7	12.5	53.3	100	100	100	100	80	100	75	22.2	50	100	100	100	71.4	66.7	50	0	0	0	0	0	0	66.7	22.2	100	66.7	40	100	0	100	40	45.5	66.7	31.6	80	78.6	100	73.1	57.1	72.7	72.7	20	25	33.3	33.3	0	100
C1	GCA_012842785	50	100	80	50	33.3	66.7	0	25	75	66.7	12.5	53.3	100	100	100	100	80	100	100	11.1	50	100	100	100	57.1	66.7	50	0	0	0	0	0	0	66.7	22.2	100	66.7	40	100	0	100	40	45.5	66.7	31.6	80	78.6	100	73.1	57.1	72.7	72.7	20	25	33.3	33.3	0	100
C1	GCA_013112575	75	100	40	37.5	66.7	66.7	0	25	100	100	12.5	53.3	50	100	100	100	80	100	75	22.2	50	100	100	100	42.9	66.7	50	0	0	0	0	0	0	66.7	33.3	100	66.7	40	100	0	100	40	45.5	88.9	42.1	60	71.4	71.4	80.8	85.7	81.8	90.9	20	25	33.3	33.3	0	40
C1	GCA_013112675	75	100	20	37.5	66.7	66.7	0	25	75	66.7	0	60	33.3	60	50	100	60	66.7	50	11.1	50	100	100	100	42.9	66.7	66.7	0	0	0	0	0	0	66.7	11.1	87.5	66.7	40	100	0	100	40	45.5	55.6	15.8	40	57.1	42.9	65.4	42.9	54.5	63.6	20	25	33.3	33.3	0	40
C1	GCA_013112715	75	100	60	50	66.7	66.7	0	25	75	100	12.5	46.7	100	100	100	100	80	100	100	22.2	50	100	100	100	42.9	66.7	50	0	0	0	0	0	0	66.7	11.1	100	66.7	40	100	20	100	40	54.5	66.7	31.6	80	78.6	100	73.1	57.1	63.6	90.9	20	25	33.3	33.3	0	80
C1	GCA_013112725	75	100	60	37.5	33.3	66.7	0	25	75	100	12.5	46.7	66.7	100	100	100	40	100	100	22.2	50	100	100	100	42.9	58.3	66.7	0	0	0	0	0	0	66.7	11.1	87.5	66.7	40	50	0	50	40	36.4	66.7	31.6	80	64.3	85.7	73.1	57.1	72.7	81.8	20	25	33.3	33.3	0	100
C1	GCA_013122385	75	100	60	50	33.3	33.3	0	25	100	66.7	37.5	53.3	83.3	100	83.3	100	60	83.3	75	11.1	50	100	100	100	57.1	66.7	50	0	0	0	0	0	0	44.4	11.1	87.5	66.7	40	100	0	100	20	45.5	88.9	36.8	80	64.3	100	80.8	85.7	81.8	81.8	40	50	33.3	33.3	0	80
C1	GCA_013122405	75	100	60	50	33.3	33.3	0	25	100	66.7	37.5	53.3	83.3	100	83.3	100	60	83.3	75	11.1	50	100	100	100	57.1	66.7	50	0	0	0	0	0	0	44.4	11.1	87.5	66.7	40	100	0	100	20	45.5	88.9	36.8	80	64.3	100	80.8	85.7	81.8	81.8	40	50	33.3	33.3	0	80
C1	GCA_013122415	75	100	60	50	33.3	33.3	0	25	100	66.7	37.5	53.3	83.3	100	83.3	100	60	83.3	75	11.1	50	100	100	100	57.1	66.7	50	0	0	0	0	0	0	44.4	11.1	87.5	66.7	40	100	0	100	20	45.5	88.9	36.8	80	64.3	100	80.8	85.7	81.8	81.8	40	50	33.3	33.3	0	80
C1	GCA_013122425	75	100	60	50	33.3	33.3	0	25	100	66.7	37.5	53.3	83.3	100	83.3	100	60	83.3	75	11.1	50	100	100	100	57.1	66.7	50	0	0	0	0	0	0	44.4	11.1	87.5	66.7	40	100	0	100	20	45.5	88.9	36.8	80	64.3	100	80.8	85.7	81.8	81.8	40	50	33.3	33.3	0	80
C1	GCA_013122435	75	100	60	50	33.3	33.3	0	25	100	66.7	37.5	53.3	83.3	100	83.3	100	60	83.3	75	11.1	50	100	100	100	57.1	66.7	50	0	0	0	0	0	0	44.4	11.1	87.5	66.7	40	100	0	100	20	45.5	88.9	36.8	80	64.3	100	80.8	85.7	81.8	81.8	40	50	33.3	33.3	0	80
C1	GCA_900066015	75	100	20	50	66.7	66.7	0	25	75	66.7	12.5	46.7	33.3	100	100	100	60	100	75	11.1	50	100	100	100	42.9	58.3	50	0	0	0	0	0	0	66.7	22.2	100	66.7	40	100	0	100	40	45.5	66.7	31.6	80	64.3	71.4	73.1	57.1	63.6	81.8	20	25	33.3	33.3	0	40
C1	GCA_900184705	50	0	20	12.5	33.3	33.3	0	25	50	100	12.5	40	66.7	80	83.3	100	60	66.7	75	22.2	50	100	100	100	42.9	66.7	50	0	0	0	0	0	0	0	33.3	25	0	0	0	0	0	0	0	33.3	26.3	60	50	42.9	34.6	57.1	63.6	72.7	20	25	33.3	33.3	0	40
Q1	GCA_000010785	75	66.7	60	75	66.7	100	0	25	75	100	12.5	40	100	80	100	100	100	83.3	100	22.2	0	100	100	100	57.1	58.3	50	0	0	0	0	0	0	88.9	11.1	100	66.7	40	100	0	50	0	36.4	77.8	42.1	60	78.6	100	76.9	71.4	81.8	72.7	60	75	33.3	33.3	0	100
Q1	GCA_000020325	75	33.3	60	75	66.7	100	0	50	75	66.7	0	40	83.3	100	83.3	100	80	100	100	11.1	25	100	100	100	42.9	58.3	50	0	0	0	0	0	0	77.8	11.1	100	66.7	40	100	20	100	20	45.5	66.7	26.3	80	64.3	100	73.1	57.1	63.6	81.8	20	25	33.3	33.3	0	60
Q1	GCA_000020785	75	66.7	20	75	33.3	66.7	100	25	75	66.7	0	40	33.3	100	100	100	80	100	100	11.1	0	100	100	100	42.9	58.3	50	0	0	0	0	0	0	77.8	0	100	66.7	40	100	0	50	0	27.3	66.7	31.6	60	50	71.4	73.1	57.1	72.7	72.7	20	25	33.3	33.3	0	40
Q1	GCA_000021545	75	33.3	20	75	66.7	66.7	0	50	75	66.7	12.5	40	66.7	100	100	100	80	83.3	100	11.1	25	100	100	100	42.9	58.3	50	0	0	0	0	0	0	77.8	11.1	100	66.7	40	100	0	50	20	27.3	66.7	31.6	60	64.3	71.4	73.1	57.1	63.6	72.7	20	25	33.3	33.3	0	20
Q1	GCA_000021565	75	100	60	75	33.3	66.7	0	50	75	66.7	0	53.3	100	100	100	100	80	100	100	11.1	25	100	100	100	42.9	58.3	50	0	0	0	0	0	0	77.8	11.1	100	66.7	40	100	0	100	40	36.4	66.7	31.6	80	57.1	100	73.1	57.1	63.6	90.9	20	25	33.3	33.3	0	60
Q1	GCA_000025605	75	66.7	60	75	66.7	66.7	0	50	75	66.7	12.5	40	66.7	80	100	100	100	66.7	75	22.2	0	100	100	100	57.1	58.3	50	0	0	0	0	0	0	88.9	11.1	100	66.7	40	100	0	100	0	45.5	66.7	36.8	60	78.6	100	73.1	57.1	72.7	63.6	60	75	33.3	33.3	0	100
Q1	GCA_000164905	75	66.7	60	75	66.7	100	0	25	75	100	12.5	40	100	80	100	100	100	83.3	100	22.2	0	100	100	100	57.1	58.3	50	0	0	0	0	0	0	88.9	11.1	100	66.7	40	100	0	50	0	36.4	77.8	42.1	60	78.6	100	76.9	71.4	81.8	72.7	60	75	33.3	33.3	0	100
Q1	GCA_000185805	75	100	20	50	0	33.3	0	25	50	66.7	12.5	40	66.7	80	100	100	100	66.7	75	22.2	25	100	100	100	42.9	66.7	50	0	0	0	0	0	0	11.1	0	100	66.7	40	100	0	50	40	18.2	55.6	31.6	60	35.7	71.4	69.2	57.1	63.6	81.8	20	25	33.3	33.3	0	20
Q1	GCA_000191045	75	66.7	20	50	0	33.3	0	25	50	100	12.5	46.7	66.7	80	100	100	100	66.7	75	22.2	25	100	100	100	42.9	66.7	50	0	0	0	0	0	0	11.1	0	100	66.7	40	100	0	50	40	18.2	55.6	31.6	60	35.7	71.4	65.4	57.1	63.6	81.8	20	25	33.3	33.3	0	20
Q1	GCA_000213785	75	0	20	37.5	33.3	66.7	100	25	75	66.7	0	33.3	33.3	100	100	100	80	100	75	11.1	0	100	100	100	42.9	58.3	50	0	0	0	0	0	0	77.8	0	100	66.7	40	100	0	50	0	27.3	66.7	31.6	60	50	71.4	73.1	57.1	72.7	63.6	20	25	33.3	33.3	0	40
Q1	GCA_000215065	75	0	20	37.5	33.3	66.7	100	25	75	66.7	0	33.3	33.3	100	100	100	80	100	75	11.1	0	100	100	100	42.9	58.3	50	0	0	0	0	0	0	77.8	0	100	66.7	40	100	0	50	0	27.3	66.7	31.6	60	50	71.4	73.1	57.1	72.7	63.6	20	25	33.3	33.3	0	40
Q1	GCA_000341855	75	0	20	37.5	33.3	66.7	100	25	75	66.7	0	33.3	33.3	100	100	100	80	100	75	11.1	0	100	100	100	42.9	58.3	50	0	0	0	0	0	0	77.8	0	100	66.7	40	100	0	50	0	27.3	66.7	31.6	60	50	71.4	73.1	57.1	72.7	63.6	20	25	33.3	33.3	0	40
Q1	GCA_000348765	75	0	20	37.5	33.3	66.7	100	25	75	66.7	0	33.3	33.3	100	100	100	80	100	75	11.1	0	100	100	100	42.9	58.3	50	0	0	0	0	0	0	77.8	0	100	66.7	40	100	0	50	0	27.3	66.7	31.6	60	50	71.4	73.1	57.1	72.7	63.6	20	25	33.3	33.3	0	40
Q1	GCA_000512735	75	66.7	60	75	33.3	66.7	0	50	50	66.7	12.5	53.3	66.7	80	100	100	100	66.7	75	22.2	25	100	100	100	57.1	66.7	50	0	0	0	0	0	0	77.8	11.1	100	66.7	40	100	0	50	20	36.4	66.7	36.8	60	71.4	100	73.1	57.1	72.7	72.7	20	25	33.3	33.3	0	100
Q1	GCA_001547735	75	33.3	40	25	0	33.3	0	25	75	100	12.5	60	83.3	100	100	100	80	83.3	75	11.1	25	100	100	100	28.6	66.7	50	0	0	0	0	0	0	0	0	100	66.7	40	100	0	100	40	18.2	44.4	31.6	60	50	85.7	69.2	57.1	72.7	90.9	20	25	33.3	33.3	0	60
